ID,NUMBER,NAME,TYPE1,TYPE2,COLOR,GENERATION,HEIGHT,WEIGHT,HP,ATK,DEF,SP_ATK,SP_DEF,SPD,OVERX,OVERY,BIG,SPRITEX,SPRITEY,ABILITY,EVO
1,1,Bulbasaur,Grass,Poison,Green,1,0.7,6.9,45,49,49,65,65,45,0,0,0,0,0,143_-1_24,2_Ivysaur_Level_16
2,2,Ivysaur,Grass,Poison,Green,1,1,13,60,62,63,80,80,60,0,1,0,0,1,143_-1_24,3_Venusaur_Level_32
3,3,Venusaur,Grass,Poison,Green,1,2,100,80,82,83,100,100,80,0,2,0,0,2,143_-1_24,
4,4,Charmander,Fire,,Red,1,0.6,8.5,39,52,43,60,50,65,0,0,0,0,0,20_-1_206,5_Charmeleon_Level_16
5,5,Charmeleon,Fire,,Red,1,1.1,19,58,64,58,80,65,80,0,1,0,0,1,20_-1_206,6_Charizard_Level_36
6,6,Charizard,Fire,Flying,Red,1,1.7,90.5,78,84,78,109,85,100,0,2,0,0,2,20_-1_206,
7,7,Squirtle,Water,,Blue,1,0.5,9,44,48,65,50,64,43,0,0,0,0,0,241_-1_170,8_Wartortle_Level_16
8,8,Wartortle,Water,,Blue,1,1,22.5,59,63,80,65,80,58,0,1,0,0,1,241_-1_170,9_Blastoise_Level_36
9,9,Blastoise,Water,,Blue,1,1.6,85.5,79,83,100,85,105,78,0,2,0,0,2,241_-1_170,
10,10,Caterpie,Bug,,Green,1,0.3,2.9,45,30,35,20,20,45,0,0,0,0,0,197_-1_181,11_Metapod_Level_7
11,11,Metapod,Bug,,Green,1,0.7,9.9,50,20,55,25,25,30,0,1,0,0,1,194_-1_-1,12_Butterfree_Level_10
12,12,Butterfree,Bug,Flying,White,1,1.1,32,60,45,50,90,80,70,0,2,0,0,2,30_-1_240,
13,13,Weedle,Bug,Poison,Brown,1,0.3,3.2,40,35,30,20,20,50,0,3,0,0,3,197_-1_181,14_Kakuna_Level_7
14,14,Kakuna,Bug,Poison,Yellow,1,0.6,10,45,25,50,25,25,35,0,4,0,0,4,194_-1_-1,15_Beedrill_Level_10
15,15,Beedrill,Bug,Poison,Yellow,1,1,29.5,65,90,40,45,80,75,0,5,0,0,5,229_-1_203,
16,16,Pidgey,Normal,Flying,Brown,1,0.3,1.8,40,45,40,35,35,56,0,0,0,0,0,106_234_19,17_Pidgeotto_Level_18
17,17,Pidgeotto,Normal,Flying,Brown,1,1.1,30,63,60,55,50,50,71,0,1,0,0,1,106_234_19,18_Pidgeot_Level_36
18,18,Pidgeot,Normal,Flying,Brown,1,1.5,39.5,83,80,75,70,70,101,0,2,0,0,2,106_234_19,
19,19,Rattata,Normal,,Purple,1,0.3,3.5,30,56,35,25,35,72,0,4,0,0,4,181_79_87,20_Raticate_Level_20
20,20,Raticate,Normal,,Brown,1,0.7,18.5,55,81,60,50,70,97,0,5,0,0,5,181_79_87,
21,21,Spearow,Normal,Flying,Brown,1,0.3,2,40,60,30,31,31,70,0,6,0,0,6,106_-1_203,22_Fearow_Level_20
22,22,Fearow,Normal,Flying,Brown,1,1.2,38,65,90,65,61,61,100,0,7,0,0,7,106_-1_203,
23,23,Ekans,Poison,,Purple,1,2,6.9,35,60,44,40,54,55,0,0,0,0,0,101_194_251,24_Arbok_Level_22
24,24,Arbok,Poison,,Purple,1,3.5,65,60,95,69,65,79,80,0,1,0,0,1,101_194_251,
25,25,Pikachu,Electric,,Yellow,1,0.4,6,35,55,40,50,50,90,0,0,0,0,0,216_-1_112,26_Raichu_Item_193;26A_Raichu_ItemAlolan_193
26,26,Raichu,Electric,,Yellow,1,0.8,30,60,90,55,90,80,110,0,6,0,0,6,216_-1_112,
27,27,Sandshrew,Ground,,Yellow,1,0.6,12,50,75,85,20,30,40,0,0,0,0,0,186_-1_183,28_Sandslash_Level_22
28,28,Sandslash,Ground,,Yellow,1,1,29.5,75,100,110,45,55,65,0,1,0,0,1,186_-1_183,
29,29,Nidoran♀,Poison,,Blue,1,0.4,7,55,47,52,40,40,41,0,2,0,0,2,153_177_87,30_Nidorina_Level_16
30,30,Nidorina,Poison,,Blue,1,0.8,20,70,62,67,55,55,56,0,3,0,0,3,153_177_87,31_Nidoqueen_Item_178
31,31,Nidoqueen,Poison,Ground,Blue,1,1.3,60,90,92,87,75,85,76,0,4,0,0,4,153_177_195,
32,32,Nidoran♂,Poison,,Purple,1,0.5,9,46,57,40,40,40,50,1,0,0,0,5,153_177_87,33_Nidorino_Level_16
33,33,Nidorino,Poison,,Purple,1,0.9,19.5,61,72,57,55,55,65,1,1,0,0,6,153_177_87,34_Nidoking_Item_178
34,34,Nidoking,Poison,Ground,Purple,1,1.4,62,81,102,77,85,75,85,1,2,0,1,0,153_177_195,
35,35,Clefairy,Fairy,,Pink,1,0.6,7.5,70,45,48,60,65,35,0,0,0,0,0,36_118_66,36_Clefable_Item_178
36,36,Clefable,Fairy,,Pink,1,1.3,40,95,70,73,95,90,60,0,1,0,0,1,36_118_66,
37,37,Vulpix,Fire,,Brown,1,0.6,9.9,38,41,40,50,65,65,0,5,0,0,5,60_-1_50,38_Ninetales_Item_168
38,38,Ninetales,Fire,,Yellow,1,1.1,19.9,73,76,75,81,100,100,0,6,0,0,6,60_-1_50,
39,39,Jigglypuff,Normal,Fairy,Pink,1,0.5,5.5,115,45,20,45,25,20,0,8,0,0,8,36_29_66,40_Wigglytuff_Item_178
40,40,Wigglytuff,Normal,Fairy,Pink,1,1,12,140,70,45,85,50,45,0,9,0,0,9,36_29_66,
41,41,Zubat,Poison,Flying,Purple,1,0.8,7.5,40,45,35,30,40,55,1,3,0,1,1,99_-1_97,42_Golbat_Level_22
42,42,Golbat,Poison,Flying,Purple,1,1.6,55,75,80,70,65,75,90,1,4,0,1,2,99_-1_97,169_Crobat_Happiness_220
43,43,Oddish,Grass,Poison,Blue,1,0.5,5.4,45,50,55,75,65,30,0,4,0,0,4,24_-1_181,44_Gloom_Level_21
44,44,Gloom,Grass,Poison,Blue,1,0.8,8.6,60,65,70,85,75,40,0,5,0,0,5,24_-1_221,45_Vileplume_Item_174;182_Bellossom_Item_190
45,45,Vileplume,Grass,Poison,Red,1,1.2,18.6,75,80,85,110,90,50,0,6,0,0,6,24_-1_53,
46,46,Paras,Bug,Grass,Red,1,0.3,5.4,35,70,55,45,55,25,0,7,0,0,7,53_51_37,47_Parasect_Level_24
47,47,Parasect,Bug,Grass,Red,1,1,29.5,60,95,80,60,80,30,0,8,0,0,8,53_51_37,
48,48,Venonat,Bug,Poison,Purple,1,1,30,60,55,50,40,55,45,1,0,0,1,0,30_240_181,49_Venomoth_Level_31
49,49,Venomoth,Bug,Poison,Purple,1,1.5,12.5,70,65,60,90,75,90,1,1,0,1,1,197_240_265,
50,50,Diglett,Ground,,Brown,1,0.2,0.8,10,55,25,35,45,95,0,2,0,0,2,186_8_182,51_Dugtrio_Level_26
51,51,Dugtrio,Ground,,Brown,1,0.7,33.3,35,100,50,50,70,120,0,4,0,0,4,186_8_182,
52,52,Meowth,Normal,,Yellow,1,0.4,4.2,40,45,35,40,40,90,0,10,0,1,0,149_236_251,53_Persian_Level_28
53,53,Persian,Normal,,Yellow,1,1,32,65,70,60,65,65,115,1,0,0,1,1,113_236_251,
54,54,Psyduck,Water,,Yellow,1,0.8,19.6,50,52,48,65,50,55,0,4,0,0,4,37_26_231,55_Golduck_Level_33
55,55,Golduck,Water,,Blue,1,1.7,76.6,80,82,78,95,80,85,0,5,0,0,5,37_26_231,
56,56,Mankey,Fighting,,Brown,1,0.5,28,40,80,35,35,45,70,0,0,0,0,0,254_6_43,57_Primeape_Level_28
57,57,Primeape,Fighting,,Brown,1,1,32,65,105,60,60,70,95,0,1,0,0,1,254_6_43,
58,58,Growlithe,Fire,,Brown,1,0.7,19,55,70,45,70,50,60,0,7,0,0,7,101_60_105,59_Arcanine_Item_168
59,59,Arcanine,Fire,,Brown,1,1.9,155,90,110,80,100,80,95,0,8,0,1,0,101_60_105,
60,60,Poliwag,Water,,Blue,1,0.6,12.4,40,50,40,40,40,90,0,6,0,0,6,257_37_231,61_Poliwhirl_Level_25
61,61,Poliwhirl,Water,,Blue,1,1,20,65,65,65,50,50,90,0,7,0,0,7,257_37_231,62_Poliwrath_Item_195;186_Politoed_TradeItem_173
62,62,Poliwrath,Water,Fighting,Blue,1,1.3,54,90,95,95,70,90,70,0,8,0,0,8,257_37_231,
63,63,Abra,Psychic,,Brown,1,0.9,19.5,25,20,15,105,55,90,0,0,0,0,0,233_99_118,64_Kadabra_Level_16
64,64,Kadabra,Psychic,,Brown,1,1.3,56.5,40,35,30,120,70,105,0,1,0,0,1,233_99_118,65_Alakazam_Trade_0
65,65,Alakazam,Psychic,,Brown,1,1.5,48,55,50,45,135,95,120,0,2,0,0,2,233_99_118,
66,66,Machop,Fighting,,Grey,1,0.8,19.5,70,80,50,35,35,35,0,2,0,0,2,79_139_217,67_Machoke_Level_28
67,67,Machoke,Fighting,,Grey,1,1.5,70.5,80,100,70,50,60,45,0,3,0,0,3,79_139_217,68_Machamp_Trade_0
68,68,Machamp,Fighting,,Grey,1,1.6,130,90,130,80,65,85,55,0,4,0,0,4,79_139_217,
69,69,Bellsprout,Grass,Poison,Green,1,0.7,4,50,75,35,70,30,40,0,7,0,0,7,24_-1_72,70_Weepinbell_Level_21
70,70,Weepinbell,Grass,Poison,Green,1,1,6.4,65,90,50,85,45,55,0,8,0,1,0,24_-1_72,71_Victreebel_Item_174
71,71,Victreebel,Grass,Poison,Green,1,1.7,15.5,80,105,65,100,70,70,0,9,0,1,1,24_-1_72,
72,72,Tentacool,Water,Poison,Blue,1,0.9,45.5,40,40,35,50,100,70,0,9,0,0,9,25_114_170,73_Tentacruel_Level_30
73,73,Tentacruel,Water,Poison,Blue,1,1.6,55,80,70,65,80,120,100,0,10,0,0,10,25_114_170,
74,74,Geodude,Rock,Ground,Brown,1,0.4,20,40,80,100,30,30,20,0,0,0,0,0,179_225_186,75_Graveler_Level_25
75,75,Graveler,Rock,Ground,Brown,1,1,105,55,95,115,45,45,35,0,2,0,0,2,179_225_186,76_Golem_Trade_0
76,76,Golem,Rock,Ground,Brown,1,1.4,300,80,120,130,55,65,45,0,4,0,0,4,179_225_186,
77,77,Ponyta,Fire,,Yellow,1,1,30,50,85,55,65,65,90,1,0,0,1,1,181_60_58,78_Rapidash_Level_40
78,78,Rapidash,Fire,,Yellow,1,1.7,95,65,100,70,80,80,105,1,1,0,1,2,181_60_58,
79,79,Slowpoke,Water,Psychic,Pink,1,1.2,36,90,65,65,40,40,15,0,11,0,1,0,141_144_175,80_Slowbro_Level_37;199_Slowking_TradeItem_173
80,80,Slowbro,Water,Psychic,Pink,1,1.6,78.5,95,75,110,100,80,30,1,0,0,1,1,141_144_175,
81,81,Magnemite,Electric,Steel,Grey,1,0.3,6,25,35,70,95,55,45,0,8,0,1,1,121_225_5,82_Magneton_Level_30
82,82,Magneton,Electric,Steel,Grey,1,1,60,50,60,95,120,70,70,1,0,0,1,2,121_225_5,462_Magnezone_Item_193
83,83,Farfetch'd,Normal,Flying,Brown,1,0.8,15,52,90,55,58,62,60,1,1,0,1,2,106_99_43,
84,84,Doduo,Normal,Flying,Brown,1,1.4,39.2,35,85,45,35,35,75,1,2,0,1,3,181_52_234,85_Dodrio_Level_31
85,85,Dodrio,Normal,Flying,Brown,1,1.8,85.2,60,110,70,60,60,110,1,3,0,1,4,181_52_234,
86,86,Seel,Water,,White,1,1.1,90,65,45,55,45,70,45,1,2,0,1,3,239_88_90,87_Dewgong_Level_34
87,87,Dewgong,Water,Ice,White,1,1.7,120,90,70,80,70,95,70,1,3,0,1,4,239_88_90,
88,88,Grimer,Poison,,Purple,1,0.9,30,80,80,50,40,50,25,2,1,0,1,4,221_222_154,89_Muk_Level_38
89,89,Muk,Poison,,Purple,1,1.2,30,105,105,75,65,100,50,2,3,0,1,6,221_222_154,
90,90,Shellder,Water,,Purple,1,0.3,4,30,65,100,45,25,40,1,4,0,1,5,196_200_142,91_Cloyster_Item_195
91,91,Cloyster,Water,Ice,Purple,1,1.5,132.5,50,95,180,85,45,70,1,5,0,1,6,196_200_142,
92,92,Gastly,Ghost,Poison,Purple,1,1.3,0.1,30,35,30,100,35,80,0,0,0,0,0,109_-1_-1,93_Haunter_Level_25
93,93,Haunter,Ghost,Poison,Purple,1,1.6,0.1,45,50,45,115,55,95,0,1,0,0,1,109_-1_-1,94_Gengar_Trade_0
94,94,Gengar,Ghost,Poison,Purple,1,1.5,40.5,60,65,60,130,75,110,0,2,0,0,2,35_-1_-1,
95,95,Onix,Rock,Ground,Grey,1,8.8,210,35,45,160,30,45,70,0,6,0,0,6,179_225_261,208_Steelix_TradeItem_177
96,96,Drowzee,Psychic,,Yellow,1,1,32.4,60,48,45,43,90,42,0,7,0,0,7,100_65_99,97_Hypno_Level_26
97,97,Hypno,Psychic,,Yellow,1,1.6,75.6,85,73,70,73,115,67,0,8,0,0,8,100_65_99,
98,98,Krabby,Water,,Red,1,0.4,6.5,30,105,90,25,25,50,1,6,0,1,7,89_196_195,99_Kingler_Level_28
99,99,Kingler,Water,,Red,1,1.3,60,55,130,115,50,50,75,1,7,0,1,8,89_196_195,
100,100,Voltorb,Electric,,Red,1,0.5,10.4,40,30,50,55,55,100,1,1,0,1,3,209_216_3,101_Electrode_Level_30
101,101,Electrode,Electric,,Red,1,1.2,66.6,60,50,70,80,80,150,1,2,0,1,4,209_216_3,
102,102,Exeggcute,Grass,Psychic,Pink,1,0.4,2.5,60,40,80,60,45,40,1,0,0,1,2,24_-1_80,103_Exeggutor_ItemRegional_174;103A_Exeggutor_ItemAlolan_174
103,103,Exeggutor,Grass,Psychic,Yellow,1,2,120,95,95,85,125,75,55,1,1,0,1,3,24_-1_80,
104,104,Cubone,Ground,,Brown,1,0.4,6.5,50,50,95,40,50,35,1,1,0,1,0,179_112_15,105_Marowak_Level_28;105A_Marowak_LevelNightAlolan_28
105,105,Marowak,Ground,,Brown,1,1,45,60,80,110,50,80,45,1,2,0,1,1,179_112_15,
106,106,Hitmonlee,Fighting,,Brown,1,1.5,49.8,50,120,53,35,110,87,1,0,0,1,0,113_173_250,
107,107,Hitmonchan,Fighting,,Brown,1,1.4,50.2,50,105,79,35,110,76,1,1,0,1,1,106_104_99,
108,108,Lickitung,Normal,,Pink,1,1.2,65.5,90,55,75,60,75,30,1,4,0,1,5,144_141_26,463_Lickilicky_HasMove_Rollout
109,109,Koffing,Poison,,Purple,1,0.6,1,40,65,95,60,45,35,3,0,0,2,1,109_138_221,110_Weezing_Level_35;110G_Weezing_LevelGalarian_35
110,110,Weezing,Poison,,Purple,1,1.2,9.5,65,90,120,85,70,60,3,1,0,2,2,109_138_221,
111,111,Rhyhorn,Ground,Rock,Grey,1,1,115,80,85,95,30,30,25,1,3,0,1,2,112_179_173,112_Rhydon_Level_42
112,112,Rhydon,Ground,Rock,Grey,1,1.9,120,105,130,120,45,45,40,1,4,0,1,3,112_179_173,464_Rhyperior_TradeItem_181
113,113,Chansey,Normal,,Pink,1,1.1,34.6,250,5,5,35,105,50,1,5,0,1,6,136_191_81,242_Blissey_Happiness_220
114,114,Tangela,Grass,,Blue,1,1,35,65,55,115,100,40,60,1,3,0,1,5,24_108_175,465_Tangrowth_HasMove_Ancient Power
115,115,Kangaskhan,Normal,,Brown,1,2.2,80,105,95,80,40,80,90,1,6,0,1,7,52_189_99,
116,116,Horsea,Water,,Blue,1,0.4,8,30,40,70,70,25,60,1,8,0,1,9,231_203_37,117_Seadra_Level_32
117,117,Seadra,Water,,Blue,1,1.2,25,55,65,95,95,45,85,1,9,0,1,10,153_203_37,230_Kingdra_TradeItem_164
118,118,Goldeen,Water,,Red,1,0.6,15,45,67,60,35,50,63,1,10,0,2,0,231_260_112,119_Seaking_Level_33
119,119,Seaking,Water,,Red,1,1.3,39,80,92,65,65,80,68,1,11,0,2,1,231_260_112,
120,120,Staryu,Water,,Brown,1,0.8,34.5,30,45,55,70,55,85,2,0,0,2,2,93_136_5,121_Starmie_Item_195
121,121,Starmie,Water,Psychic,Purple,1,1.1,80,60,75,85,100,85,115,2,1,0,2,3,93_136_5,
122,122,Mr. Mime,Psychic,Fairy,Pink,1,1.3,54.5,40,45,65,100,120,90,0,9,0,1,0,209_57_236,
123,123,Scyther,Bug,Flying,Green,1,1.5,56,70,110,80,55,80,105,1,2,0,1,2,229_236_217,212_Scizor_TradeItem_177;900_Kleavor_Item_537
124,124,Jynx,Ice,Psychic,Red,1,1.4,40.6,65,50,35,115,95,95,0,4,0,1,0,141_65_51,
125,125,Electabuzz,Electric,,Yellow,1,1.1,30,65,83,57,95,85,105,1,3,0,1,5,216_-1_254,466_Electivire_TradeItem_167
126,126,Magmar,Fire,,Red,1,1.3,44.5,65,95,57,100,85,93,1,3,0,1,4,58_-1_254,467_Magmortar_TradeItem_176
127,127,Pinsir,Bug,,Brown,1,1.5,55,65,125,100,55,70,85,1,3,0,1,3,89_129_132,
128,128,Tauros,Normal,,Brown,1,1.4,88.4,75,100,95,40,70,110,1,8,0,1,9,101_6_195,
129,129,Magikarp,Water,,Red,1,0.9,10,20,10,55,15,20,80,2,2,0,2,4,231_-1_171,130_Gyarados_Level_20
130,130,Gyarados,Water,Flying,Blue,1,6.5,235,95,125,79,60,100,81,2,3,0,2,5,101_-1_132,
131,131,Lapras,Water,Ice,Blue,1,2.5,220,130,85,80,85,95,60,2,5,0,2,7,257_196_88,
132,132,Ditto,Normal,,Purple,1,0.3,4,48,48,48,48,48,48,1,9,0,2,0,113_-1_96,
133,133,Eevee,Normal,,Brown,1,0.3,6.5,55,55,50,45,65,55,1,10,0,2,1,181_1_7,136_Flareon_Item_168;135_Jolteon_Item_193;134_Vaporeon_Item_195;196_Espeon_HappinessDay_220;197_Umbreon_HappinessNight_220;470_Leafeon_Item_174;471_Glaceon_Item_172;700_Sylveon_HappinessMoveType_Fairy
134,134,Vaporeon,Water,,Blue,1,1,29,130,65,60,110,95,65,2,6,0,2,8,257_-1_88,
135,135,Jolteon,Electric,,Yellow,1,0.8,24.5,65,65,60,110,95,130,1,4,0,1,6,255_-1_169,
136,136,Flareon,Fire,,Red,1,0.9,25,65,130,60,95,110,65,1,4,0,1,5,60_-1_79,
137,137,Porygon,Normal,,Pink,1,0.8,36.5,65,60,70,85,75,40,2,0,0,2,2,244_47_5,233_Porygon2_TradeItem_194
138,138,Omanyte,Rock,Water,Blue,1,0.4,7.5,35,40,100,90,55,35,0,7,0,1,0,231_196_261,139_Omastar_Level_40
139,139,Omastar,Rock,Water,Blue,1,1,35,70,60,125,115,70,55,1,0,0,1,1,231_196_261,
140,140,Kabuto,Rock,Water,Brown,1,0.5,11.5,30,80,90,55,45,55,1,1,0,1,2,231_15_261,141_Kabutops_Level_40
141,141,Kabutops,Rock,Water,Brown,1,1.3,40.5,60,115,105,65,70,80,1,2,0,1,3,231_15_261,
142,142,Aerodactyl,Rock,Flying,Purple,1,1.8,59,80,105,65,60,75,130,1,3,0,1,4,179_159_251,
143,143,Snorlax,Normal,,Black,1,2.1,460,160,110,65,65,110,30,2,1,0,2,3,95_239_72,
144,144,Articuno,Ice,Flying,Blue,1,1.7,55.4,90,85,100,95,125,85,1,0,0,1,1,159_-1_204,
145,145,Zapdos,Electric,Flying,Yellow,1,1.6,52.6,90,90,85,125,90,100,1,5,0,2,0,159_-1_216,
146,146,Moltres,Fire,Flying,Yellow,1,2,60,90,100,90,125,85,90,1,5,0,1,6,159_-1_58,
147,147,Dratini,Dragon,,Blue,1,1.8,3.3,41,64,45,50,50,50,0,0,0,0,0,194_-1_122,148_Dragonair_Level_30
148,148,Dragonair,Dragon,,Blue,1,4,16.5,61,84,65,70,70,70,0,1,0,0,1,194_-1_122,149_Dragonite_Level_55
149,149,Dragonite,Dragon,Flying,Brown,1,2.2,210,91,134,95,100,100,80,0,2,0,0,2,99_-1_133,
150,150,Mewtwo,Psychic,,Purple,1,2,122,106,110,90,154,90,130,0,10,0,1,1,159_-1_251,
151,151,Mew,Psychic,,Pink,1,0.4,4,100,100,100,100,100,100,1,2,0,1,4,233_-1_-1,
152,152,Chikorita,Grass,,Green,2,0.9,6.4,45,49,65,49,65,45,1,4,0,1,6,143_-1_108,153_Bayleef_Level_16
153,153,Bayleef,Grass,,Green,2,1.2,15.8,60,62,80,63,80,60,1,5,0,1,7,143_-1_108,154_Meganium_Level_32
154,154,Meganium,Grass,,Green,2,1.8,100.5,80,82,100,83,100,80,1,6,0,2,0,143_-1_108,
155,155,Cyndaquil,Fire,,Yellow,2,0.5,7.9,39,52,43,60,50,65,1,6,0,1,7,20_-1_60,156_Quilava_Level_14
156,156,Quilava,Fire,,Yellow,2,0.9,19,58,64,58,80,65,80,1,7,0,2,0,20_-1_60,157_Typhlosion_Level_36;157H_Typhlosion_LevelHisuian_36
157,157,Typhlosion,Fire,,Yellow,2,1.7,79.5,78,84,78,109,85,100,1,8,0,2,1,20_-1_60,
158,158,Totodile,Water,,Blue,2,0.6,9.5,50,65,64,44,48,43,2,7,0,2,9,241_-1_195,159_Croconaw_Level_18
159,159,Croconaw,Water,,Blue,2,1.1,25,65,80,80,59,63,58,2,8,0,2,10,241_-1_195,160_Feraligatr_Level_30
160,160,Feraligatr,Water,,Blue,2,2.3,88.8,85,105,100,79,83,78,2,9,0,3,0,241_-1_195,
161,161,Sentret,Normal,,Brown,2,0.8,6,35,46,34,35,45,20,2,2,0,2,4,181_106_67,162_Furret_Level_15
162,162,Furret,Normal,,Brown,2,1.8,32.5,85,76,64,45,55,90,2,3,0,2,5,181_106_67,
163,163,Hoothoot,Normal,Flying,Brown,2,0.7,21.2,60,30,30,36,56,50,2,4,0,2,6,100_106_240,164_Noctowl_Level_20
164,164,Noctowl,Normal,Flying,Brown,2,1.6,40.8,100,50,50,86,96,70,2,5,0,2,7,100_106_240,
165,165,Ledyba,Bug,Flying,Red,2,1,10.8,40,20,30,40,80,55,1,5,0,1,5,229_52_171,166_Ledian_Level_18
166,166,Ledian,Bug,Flying,Red,2,1.4,35.6,55,35,50,55,110,85,1,6,0,1,6,229_52_104,
167,167,Spinarak,Bug,Poison,Green,2,0.5,8.5,40,60,40,40,40,30,1,7,0,1,7,229_100_203,168_Ariados_Level_22
168,168,Ariados,Bug,Poison,Red,2,1.1,33.5,70,90,70,60,70,40,1,8,0,1,8,229_100_203,
169,169,Crobat,Poison,Flying,Purple,2,1.8,75,85,90,80,70,80,130,3,3,0,2,4,99_-1_97,
170,170,Chinchou,Water,Electric,Blue,2,0.5,12,75,38,38,56,56,67,2,10,0,3,1,255_93_257,171_Lanturn_Level_27
171,171,Lanturn,Water,Electric,Blue,2,1.2,22.5,125,58,58,76,76,67,2,11,0,3,2,255_93_257,
172,172,Pichu,Electric,,Yellow,2,0.3,2,20,40,15,35,35,60,1,6,0,2,1,216_-1_112,25_Pikachu_Happiness_220
173,173,Cleffa,Fairy,,Pink,2,0.3,3,50,25,28,45,55,15,0,2,0,0,2,36_118_66,35_Clefairy_Happiness_220
174,174,Igglybuff,Normal,Fairy,Pink,2,0.3,1,90,30,15,40,20,15,2,6,0,2,8,36_29_66,39_Jigglypuff_Happiness_220
175,175,Togepi,Fairy,,White,2,0.3,1.5,35,20,65,40,65,20,0,3,0,0,3,87_191_227,176_Togetic_Happiness_220
176,176,Togetic,Fairy,Flying,White,2,0.6,3.2,55,40,85,80,105,40,0,4,0,0,4,87_191_227,468_Togekiss_Item_187
177,177,Natu,Psychic,Flying,Green,2,0.2,2,40,50,45,70,45,70,1,3,0,1,5,233_52_117,178_Xatu_Level_25
178,178,Xatu,Psychic,Flying,Green,2,1.5,15,65,75,70,95,70,95,1,4,0,1,6,233_52_117,
179,179,Mareep,Electric,,White,2,0.6,7.8,55,40,40,65,45,35,1,7,0,2,2,216_-1_151,180_Flaaffy_Level_15
180,180,Flaaffy,Electric,,Pink,2,0.8,13.3,70,55,55,80,60,45,1,8,0,2,3,216_-1_151,181_Ampharos_Level_30
181,181,Ampharos,Electric,,Yellow,2,1.4,61.5,90,75,85,115,90,55,2,0,0,2,4,216_-1_151,
182,182,Bellossom,Grass,,Green,2,0.4,5.8,75,80,95,90,100,50,1,7,0,2,1,24_-1_81,
183,183,Marill,Water,Fairy,Blue,2,0.4,8.5,70,20,50,20,50,40,3,0,0,3,3,239_85_187,184_Azumarill_Level_18
184,184,Azumarill,Water,Fairy,Blue,2,0.8,28.5,100,50,80,60,80,50,3,1,0,3,4,239_85_187,
185,185,Sudowoodo,Rock,,Brown,2,1.2,38,70,100,115,30,65,30,1,5,0,1,6,225_179_171,
186,186,Politoed,Water,,Green,2,1.1,33.9,90,75,75,90,100,70,3,2,0,3,5,257_37_49,
187,187,Hoppip,Grass,Flying,Pink,2,0.4,0.5,35,35,40,35,55,50,1,8,0,2,2,24_108_97,188_Skiploom_Level_18
188,188,Skiploom,Grass,Flying,Green,2,0.6,1,55,45,50,45,65,80,1,9,0,2,3,24_108_97,189_Jumpluff_Level_27
189,189,Jumpluff,Grass,Flying,Blue,2,0.6,3,75,55,70,55,95,110,2,0,0,2,4,24_108_97,
190,190,Aipom,Normal,,Purple,2,0.6,11.5,55,70,55,40,55,85,2,7,0,2,9,181_149_200,424_Ambipom_HasMove_Double Hit
191,191,Sunkern,Grass,,Yellow,2,0.3,1.8,30,30,30,30,30,30,2,1,0,2,5,24_206_52,192_Sunflora_Item_190
192,192,Sunflora,Grass,,Yellow,2,0.8,8.5,75,75,55,105,85,30,2,2,0,2,6,24_206_52,
193,193,Yanma,Bug,Flying,Red,2,1.2,38,65,65,45,75,45,95,2,0,0,2,0,210_30_67,469_Yanmega_HasMove_Ancient Power
194,194,Wooper,Water,Ground,Blue,2,0.4,8.5,55,45,45,25,25,15,3,3,0,3,6,37_257_249,195_Quagsire_Level_20
195,195,Quagsire,Water,Ground,Blue,2,1.4,75,95,85,85,65,65,35,3,4,0,3,7,37_257_249,
196,196,Espeon,Psychic,,Purple,2,0.9,26.5,65,65,60,130,95,110,1,5,0,1,7,233_-1_117,
197,197,Umbreon,Dark,,Black,2,1,27,95,65,110,60,130,65,0,4,0,0,4,233_-1_99,
198,198,Murkrow,Dark,Flying,Black,2,0.5,2.1,60,85,42,85,42,91,0,5,0,0,5,100_227_158,430_Honchkrow_Item_166
199,199,Slowking,Water,Psychic,Pink,2,2,79.5,95,75,80,100,110,30,3,5,0,3,8,141_227_175,
200,200,Misdreavus,Ghost,,Grey,2,0.7,1,60,60,60,85,85,85,0,4,0,0,4,109_-1_-1,429_Mismagius_Item_166
201,201,Unown,Psychic,,Black,2,0.5,5,48,72,48,72,48,48,1,6,0,1,8,109_-1_-1,
202,202,Wobbuffet,Psychic,,Blue,2,1.3,28.5,190,33,58,33,58,33,4,1,0,5,0,193_-1_237,
203,203,Girafarig,Normal,Psychic,Yellow,2,1.5,41.5,70,80,65,90,65,85,2,8,0,3,0,99_52_187,
204,204,Pineco,Bug,,Grey,2,0.6,7.2,50,65,90,35,35,15,2,1,0,2,1,225_-1_142,205_Forretress_Level_31
205,205,Forretress,Bug,Steel,Purple,2,1.2,125.8,75,90,140,60,60,40,2,2,0,2,2,225_-1_142,
206,206,Dunsparce,Normal,,Yellow,2,1.5,14,100,70,70,65,65,45,2,9,0,3,1,191_181_171,
207,207,Gligar,Ground,Flying,Purple,2,1.1,64.8,65,75,105,35,65,85,2,0,0,1,4,89_186_95,472_Gliscor_NightHoldItem_183
208,208,Steelix,Steel,Ground,Grey,2,9.2,400,75,85,200,55,65,30,0,6,1,0,1,179_225_195,
209,209,Snubbull,Fairy,,Pink,2,0.6,7.8,60,80,50,40,40,30,1,0,0,1,0,101_181_171,210_Granbull_Level_23
210,210,Granbull,Fairy,,Purple,2,1.4,48.7,90,120,75,60,60,45,1,1,0,1,1,101_169_171,
211,211,Qwilfish,Water,Poison,Grey,2,0.5,3.9,65,95,85,55,55,85,3,6,0,3,9,153_231_101,
212,212,Scizor,Bug,Steel,Red,2,1.8,118,70,130,100,55,80,65,2,3,0,2,3,229_236_111,
213,213,Shuckle,Bug,Rock,Yellow,2,0.6,20.5,20,10,230,10,230,5,2,5,0,2,5,225_72_31,
214,214,Heracross,Bug,Fighting,Blue,2,1.5,54,80,125,75,40,95,85,2,6,0,2,6,229_79_132,
215,215,Sneasel,Dark,Ice,Black,2,0.9,28,55,95,55,35,75,115,0,6,0,0,6,99_106_148,461_Weavile_NightHoldItem_182
216,216,Teddiursa,Normal,,Brown,2,0.6,8.8,60,80,50,50,50,40,2,10,0,3,2,149_169_84,217_Ursaring_Level_30
217,217,Ursaring,Normal,,Brown,2,1.8,125.8,90,130,75,75,75,55,3,0,0,3,3,79_169_251,901_Ursaluna_ItemNight_538
218,218,Slugma,Fire,,Red,2,0.7,35,40,40,40,70,40,20,2,0,0,2,2,120_58_261,219_Magcargo_Level_38
219,219,Magcargo,Fire,Rock,Red,2,0.8,55,60,50,120,90,80,30,2,1,0,2,3,120_58_261,
220,220,Swinub,Ice,Ground,Brown,2,0.4,6.5,50,50,40,30,30,50,1,1,0,1,2,141_204_239,221_Piloswine_Level_33
221,221,Piloswine,Ice,Ground,Brown,2,1.1,55.8,100,100,80,60,60,50,1,2,0,1,3,141_204_239,473_Mamoswine_HasMove_Ancient Power
222,222,Corsola,Water,Rock,Pink,2,0.6,5,65,55,95,65,95,35,3,7,0,3,10,87_136_175,
223,223,Remoraid,Water,,Grey,2,0.6,12,35,65,35,65,35,65,3,8,0,4,0,87_203_130,224_Octillery_Level_25
224,224,Octillery,Water,,Red,2,0.9,28.5,75,105,75,105,75,45,3,9,0,4,1,226_203_130,
225,225,Delibird,Ice,Flying,Red,2,0.9,16,45,55,45,65,45,75,1,3,0,1,4,254_87_100,
226,226,Mantine,Water,Flying,Purple,2,2.1,220,85,40,70,80,140,70,3,10,0,4,2,231_257_260,
227,227,Skarmory,Steel,Flying,Grey,2,1.7,50.5,65,80,140,40,70,70,0,3,0,0,3,106_225_261,
228,228,Houndour,Dark,Fire,Black,2,0.6,10.8,45,60,30,80,50,65,1,0,0,1,0,52_60_251,229_Houndoom_Level_24
229,229,Houndoom,Dark,Fire,Black,2,1.4,35,75,90,50,110,80,95,1,1,0,1,1,52_60_251,
230,230,Kingdra,Water,Dragon,Blue,2,1.8,152,75,95,95,95,95,85,3,11,0,4,3,231_203_37,
231,231,Phanpy,Ground,,Blue,2,0.5,33.5,90,60,60,40,40,40,2,1,0,1,5,149_-1_186,232_Donphan_Level_25
232,232,Donphan,Ground,,Grey,2,1.1,120,90,120,120,60,60,50,2,2,0,2,0,225_-1_186,
233,233,Porygon2,Normal,,Red,2,0.6,32.5,85,80,90,105,95,60,3,1,0,3,4,244_47_5,474_Porygon-Z_TradeItem_165
234,234,Stantler,Normal,,Brown,2,1.4,71.2,73,95,62,85,65,85,3,2,0,3,5,101_67_187,899_Wyrdeer_HasMove_Psyshield Bash
235,235,Smeargle,Normal,,White,2,1.2,58,55,20,35,20,45,75,3,3,0,3,6,144_236_130,
236,236,Tyrogue,Fighting,,Purple,2,0.7,21,35,35,35,35,35,35,1,2,0,1,2,79_217_254,106_Hitmonlee_AttackGreater_20;107_Hitmonchan_DefenseGreater_20;237_Hitmontop_AtkDefEqual_20
237,237,Hitmontop,Fighting,,Brown,2,1.4,48,50,95,95,35,110,70,1,3,0,1,3,101_236_217,
238,238,Smoochum,Ice,Psychic,Pink,2,0.5,6,45,30,15,85,65,65,1,4,0,2,0,141_65_88,124_Jynx_Level_30
239,239,Elekid,Electric,,Yellow,2,0.6,23.5,45,63,37,65,55,95,2,2,0,2,6,216_-1_254,125_Electabuzz_Level_30
240,240,Magby,Fire,,Red,2,0.7,21.4,45,75,37,70,55,83,2,2,0,2,4,58_-1_254,126_Magmar_Level_30
241,241,Miltank,Normal,,Pink,2,1.2,75.5,95,80,105,40,70,100,3,4,0,3,7,239_189_187,
242,242,Blissey,Normal,,Pink,2,1.5,46.8,255,10,10,75,135,55,3,5,0,3,8,136_191_81,
243,243,Raikou,Electric,,Yellow,2,1.9,178,90,85,75,115,100,115,2,3,0,3,0,159_-1_99,
244,244,Entei,Fire,,Brown,2,2.1,198,115,115,85,90,75,100,2,3,0,2,5,159_-1_99,
245,245,Suicune,Water,,Blue,2,2,187,100,75,115,90,115,85,4,0,0,4,4,159_-1_99,
246,246,Larvitar,Rock,Ground,Green,2,0.6,72,50,64,50,45,50,41,1,6,0,2,0,79_-1_186,247_Pupitar_Level_30
247,247,Pupitar,Rock,Ground,Grey,2,1.2,152,70,84,70,65,70,51,1,7,0,2,1,194_-1_-1,248_Tyranitar_Level_55
248,248,Tyranitar,Rock,Dark,Green,2,2,202,100,134,110,95,100,61,2,0,0,2,2,185_-1_251,
249,249,Lugia,Psychic,Flying,White,2,5.2,216,106,90,130,90,154,110,3,0,1,5,1,159_-1_133,
250,250,Ho-Oh,Fire,Flying,Red,2,3.8,199,106,130,90,110,154,90,2,5,1,2,6,159_-1_175,
251,251,Celebi,Psychic,Grass,Green,2,0.6,5,100,100,100,100,100,100,4,3,0,5,2,136_-1_-1,
252,252,Treecko,Grass,,Green,3,0.5,5,40,45,35,65,55,70,2,3,0,2,7,143_-1_250,253_Grovyle_Level_16
253,253,Grovyle,Grass,,Green,3,0.9,21.6,50,65,45,85,65,95,2,4,0,3,0,143_-1_250,254_Sceptile_Level_36
254,254,Sceptile,Grass,,Green,3,1.7,52.2,70,85,65,105,85,120,2,5,0,3,1,143_-1_250,
255,255,Torchic,Fire,,Red,3,0.4,2.5,45,60,40,70,50,45,2,5,0,2,7,20_-1_210,256_Combusken_Level_16
256,256,Combusken,Fire,Fighting,Red,3,0.9,19.5,60,85,60,85,60,55,2,6,0,3,0,20_-1_210,257_Blaziken_Level_36
257,257,Blaziken,Fire,Fighting,Red,3,1.9,52,80,120,70,110,70,80,2,7,0,3,1,20_-1_210,
258,258,Mudkip,Water,,Blue,3,0.4,7.6,50,70,50,50,50,40,4,1,0,4,5,241_-1_37,259_Marshtomp_Level_16
259,259,Marshtomp,Water,Ground,Blue,3,0.7,28,70,85,70,60,70,50,4,2,0,4,6,241_-1_37,260_Swampert_Level_36
260,260,Swampert,Water,Ground,Blue,3,1.5,81.9,100,110,90,85,90,60,4,3,0,4,7,241_-1_37,
261,261,Poochyena,Dark,,Grey,3,0.5,13.6,35,55,35,30,30,35,1,3,0,1,3,181_169_171,262_Mightyena_Level_18
262,262,Mightyena,Dark,,Grey,3,1,37,70,90,70,60,60,70,1,4,0,1,4,101_169_132,
263,263,Zigzagoon,Normal,,Brown,3,0.4,17.5,38,30,41,30,41,60,3,6,0,3,9,149_72_169,264_Linoone_Level_20
264,264,Linoone,Normal,,White,3,0.5,32.5,78,70,61,50,61,100,3,7,0,4,0,149_72_169,
265,265,Wurmple,Bug,,Red,3,0.3,3.6,45,45,35,20,30,20,2,8,0,2,8,197_-1_181,266_Silcoon_Level_7;268_Cascoon_Level_7
266,266,Silcoon,Bug,,White,3,0.6,10,50,35,55,25,25,15,3,0,0,3,0,194_-1_-1,267_Beautifly_Level_10
267,267,Beautifly,Bug,Flying,Yellow,3,1,28.4,60,70,50,100,50,65,3,1,0,3,1,229_-1_177,
268,268,Cascoon,Bug,,Purple,3,0.7,11.5,50,35,55,25,25,15,3,2,0,3,2,194_-1_-1,269_Dustox_Level_10
269,269,Dustox,Bug,Poison,Green,3,1.2,31.6,60,50,70,50,90,65,3,3,0,3,3,197_-1_30,
270,270,Lotad,Water,Grass,Green,3,0.5,2.6,40,30,30,40,50,30,4,5,0,4,9,231_170_144,271_Lombre_Level_14
271,271,Lombre,Water,Grass,Green,3,1.2,32.5,60,50,50,60,70,50,4,6,0,4,10,231_170_144,272_Ludicolo_Item_195
272,272,Ludicolo,Water,Grass,Green,3,1.5,55,80,70,70,90,100,70,4,7,0,5,0,231_170_144,
273,273,Seedot,Grass,,Brown,3,0.5,4,40,40,50,30,30,30,2,7,0,3,3,24_52_148,274_Nuzleaf_Level_14
274,274,Nuzleaf,Grass,Dark,Brown,3,1,28,70,70,40,60,40,60,2,8,0,3,4,24_52_148,275_Shiftry_Item_174
275,275,Shiftry,Grass,Dark,Brown,3,1.3,59.6,90,100,60,90,60,80,2,9,0,3,5,24_52_148,
276,276,Taillow,Normal,Flying,Blue,3,0.3,2.3,40,55,30,30,30,85,3,8,0,4,1,79_-1_189,277_Swellow_Level_22
277,277,Swellow,Normal,Flying,Blue,3,0.7,19.8,60,85,60,75,50,125,3,9,0,4,2,79_-1_189,
278,278,Wingull,Water,Flying,White,3,0.6,9.5,40,30,30,55,30,85,4,8,0,5,1,106_88_170,279_Pelipper_Level_25
279,279,Pelipper,Water,Flying,Yellow,3,1.2,28,60,50,100,95,70,65,4,9,0,5,2,106_49_170,
280,280,Ralts,Psychic,Fairy,White,3,0.4,6.6,28,25,25,45,35,40,4,4,0,5,3,233_244_237,281_Kirlia_Level_20
281,281,Kirlia,Psychic,Fairy,White,3,0.8,20.2,38,35,35,65,55,50,4,5,0,5,4,233_244_237,282_Gardevoir_Level_30;475_Gallade_ItemMale_161
282,282,Gardevoir,Psychic,Fairy,White,3,1.6,48.4,68,65,65,125,115,80,4,6,0,5,5,233_244_237,
283,283,Surskit,Bug,Water,Blue,3,0.5,1.7,40,30,32,50,52,65,3,4,0,3,4,231_-1_170,284_Masquerain_Level_22
284,284,Masquerain,Bug,Flying,Blue,3,0.8,3.6,70,60,62,100,82,80,3,5,0,3,5,101_-1_251,
285,285,Shroomish,Grass,,Brown,3,0.4,4.5,60,40,60,40,60,35,3,0,0,3,6,53_152_169,286_Breloom_Level_23
286,286,Breloom,Grass,Fighting,Green,3,1.2,39.2,60,130,80,60,60,70,3,1,0,3,7,53_152_236,
287,287,Slakoth,Normal,,Brown,3,0.8,24,60,60,60,35,35,30,3,10,0,4,3,247_-1_-1,288_Vigoroth_Level_18
288,288,Vigoroth,Normal,,White,3,1.4,46.5,80,80,80,55,55,90,4,0,0,4,4,254_-1_-1,289_Slaking_Level_36
289,289,Slaking,Normal,,Brown,3,2,130.5,150,160,100,95,65,100,4,1,0,4,5,247_-1_-1,
290,290,Nincada,Bug,Ground,Grey,3,0.5,5.5,31,45,90,30,30,40,3,6,0,3,6,30_-1_181,291_Ninjask_Level_20;292_Shedinja_Level_20
291,291,Ninjask,Bug,Flying,Yellow,3,0.8,12,61,90,45,50,50,160,3,7,0,3,7,210_-1_97,
292,292,Shedinja,Bug,Ghost,Brown,3,0.8,1.2,1,90,45,30,30,40,3,8,0,3,8,264_-1_-1,
293,293,Whismur,Normal,,Pink,3,0.6,16.3,64,51,23,51,23,28,4,2,0,4,6,209_-1_171,294_Loudred_Level_20
294,294,Loudred,Normal,,Blue,3,1,40.5,84,71,43,71,43,48,4,3,0,4,7,209_-1_189,295_Exploud_Level_40
295,295,Exploud,Normal,,Blue,3,1.5,84,104,91,63,91,73,68,4,4,0,4,8,209_-1_189,
296,296,Makuhita,Fighting,,Yellow,3,1,86.4,72,60,30,20,30,25,1,4,0,1,4,239_79_195,297_Hariyama_Level_24
297,297,Hariyama,Fighting,,Brown,3,2.3,253.8,144,120,60,40,60,50,1,5,0,1,5,239_79_195,
298,298,Azurill,Normal,Fairy,Blue,3,0.2,2,50,20,40,20,40,20,4,5,0,4,9,239_85_187,183_Marill_Happiness_220
299,299,Nosepass,Rock,,Grey,3,1,97,30,45,135,45,90,30,2,2,0,2,4,225_121_182,476_Probopass_Item_193
300,300,Skitty,Normal,,Pink,3,0.6,11,50,45,45,35,35,50,4,6,0,5,0,36_140_265,301_Delcatty_Item_178
301,301,Delcatty,Normal,,Purple,3,1.1,32.6,70,65,65,55,55,90,4,7,0,5,1,36_140_265,
302,302,Sableye,Dark,Ghost,Purple,3,0.5,11,50,75,75,65,65,50,2,0,0,2,0,106_212_158,
303,303,Mawile,Steel,Fairy,Black,3,0.6,11.5,50,85,85,55,55,50,0,4,0,0,4,89_101_195,
304,304,Aron,Steel,Rock,Grey,3,0.4,60,50,70,100,40,40,30,1,1,0,1,0,225_179_83,305_Lairon_Level_32
305,305,Lairon,Steel,Rock,Grey,3,0.9,120,60,90,140,50,50,40,1,2,0,1,1,225_179_83,306_Aggron_Level_42
306,306,Aggron,Steel,Rock,Grey,3,2.1,360,70,110,180,60,60,50,1,3,0,1,2,225_179_83,
307,307,Meditite,Fighting,Psychic,Blue,3,0.6,11.2,30,40,55,40,55,60,2,0,0,2,0,166_-1_237,308_Medicham_Level_37
308,308,Medicham,Fighting,Psychic,Red,3,1.3,31.5,60,60,75,60,75,80,2,1,0,2,1,166_-1_237,
309,309,Electrike,Electric,,Green,3,0.6,15.2,40,45,40,65,40,65,2,4,0,3,1,216_112_126,310_Manectric_Level_26
310,310,Manectric,Electric,,Yellow,3,1.5,40.2,70,75,60,105,60,105,2,5,0,3,2,216_112_126,
311,311,Plusle,Electric,,Yellow,3,0.4,4.2,60,50,40,85,75,95,2,7,0,3,4,151_-1_112,
312,312,Minun,Electric,,Yellow,3,0.4,4.2,60,40,50,75,85,95,2,8,0,3,5,126_-1_112,
313,313,Volbeat,Bug,,Grey,3,0.7,17.7,65,73,75,47,85,85,4,0,0,4,0,93_229_158,
314,314,Illumise,Bug,,Purple,3,0.6,17.7,65,47,75,73,85,85,4,1,0,4,1,141_240_158,
315,315,Roselia,Grass,Poison,Green,3,0.3,2,50,60,45,100,80,65,3,2,0,4,0,136_153_108,407_Roserade_Item_187
316,316,Gulpin,Poison,,Green,3,0.4,10.3,70,43,53,43,53,40,3,4,0,2,5,114_222_72,317_Swalot_Level_26
317,317,Swalot,Poison,,Purple,3,1.7,80,100,73,83,73,83,55,4,0,0,2,6,114_222_72,
318,318,Carvanha,Water,Dark,Red,3,0.8,20.8,45,90,20,65,20,65,4,10,0,5,3,180_-1_210,319_Sharpedo_Level_30
319,319,Sharpedo,Water,Dark,Blue,3,1.8,88.8,70,120,40,95,40,95,4,11,0,5,4,180_-1_210,
320,320,Wailmer,Water,,Blue,3,2,130,130,70,35,70,35,60,5,1,0,5,6,260_141_159,321_Wailord_Level_40
321,321,Wailord,Water,,Blue,3,14.5,398,170,90,45,90,45,60,3,5,1,5,7,260_141_159,
322,322,Numel,Fire,Ground,Yellow,3,0.7,24,60,60,40,65,45,35,3,0,0,3,3,141_199_144,323_Camerupt_Level_33
323,323,Camerupt,Fire,Ground,Red,3,1.9,220,70,100,70,105,75,40,3,1,0,3,4,120_207_6,
324,324,Torkoal,Fire,,Brown,3,0.5,80.4,70,85,140,85,70,20,3,3,0,3,6,262_50_196,
325,325,Spoink,Psychic,,Black,3,0.7,30.6,60,25,35,70,80,60,4,8,0,5,7,239_144_72,326_Grumpig_Level_32
326,326,Grumpig,Psychic,,Purple,3,0.9,71.5,80,45,65,90,110,80,4,9,0,5,8,239_144_72,
327,327,Spinda,Normal,,Brown,3,1.1,5,60,60,60,60,60,60,4,8,0,5,2,144_234_31,
328,328,Trapinch,Ground,,Brown,3,0.7,15,45,100,45,45,45,10,2,3,0,2,1,89_8_195,329_Vibrava_Level_35
329,329,Vibrava,Ground,Dragon,Green,3,1.1,15.3,50,70,50,50,50,70,2,4,0,2,2,109_-1_-1,330_Flygon_Level_45
330,330,Flygon,Ground,Dragon,Green,3,2,82,80,100,80,80,80,100,3,0,0,2,3,109_-1_-1,
331,331,Cacnea,Grass,,Green,3,0.4,51.3,50,85,40,85,40,35,3,3,0,4,1,186_-1_257,332_Cacturne_Level_32
332,332,Cacturne,Grass,Dark,Green,3,1.3,77.4,70,115,60,115,60,55,3,4,0,4,2,186_-1_257,
333,333,Swablu,Normal,Flying,Blue,3,0.4,1.2,45,40,60,40,75,50,4,9,0,5,3,136_-1_26,334_Altaria_Level_35
334,334,Altaria,Dragon,Flying,Blue,3,1.1,20.6,75,70,90,70,105,80,0,3,0,0,3,136_-1_26,
335,335,Zangoose,Normal,,White,3,1.3,40.3,73,115,60,60,60,90,4,10,0,5,4,95_-1_243,
336,336,Seviper,Poison,,Black,3,2.7,52.5,73,100,60,100,60,65,4,1,0,3,0,194_-1_97,
337,337,Lunatone,Rock,Psychic,Yellow,3,1,168,90,55,65,95,85,70,2,3,0,2,5,109_-1_-1,
338,338,Solrock,Rock,Psychic,Red,3,1.2,154,90,95,85,55,65,70,2,4,0,2,6,109_-1_-1,
339,339,Barboach,Water,Ground,Grey,3,0.4,1.9,50,48,43,46,41,60,5,3,0,5,8,141_7_88,340_Whiscash_Level_30
340,340,Whiscash,Water,Ground,Blue,3,0.9,23.6,110,78,73,76,71,60,5,4,0,5,9,141_7_88,
341,341,Corphish,Water,,Red,3,0.6,11.5,43,80,65,50,35,35,5,5,0,5,10,89_196_1,342_Crawdaunt_Level_30
342,342,Crawdaunt,Water,Dark,Red,3,1.1,32.8,63,120,85,90,55,55,5,6,0,6,0,89_196_1,
343,343,Baltoy,Ground,Psychic,Brown,3,0.5,21.5,40,40,55,40,70,55,3,1,0,2,4,109_-1_-1,344_Claydol_Level_36
344,344,Claydol,Ground,Psychic,Black,3,1.5,108,60,70,105,70,120,75,3,2,0,2,5,109_-1_-1,
345,345,Lileep,Rock,Grass,Purple,3,1,23.8,66,41,77,61,87,23,2,5,0,3,0,226_-1_223,346_Cradily_Level_40
346,346,Cradily,Rock,Grass,Green,3,1.5,60.4,86,81,97,81,107,43,2,6,0,3,1,226_-1_223,
347,347,Anorith,Rock,Bug,Grey,3,0.7,12.5,45,95,50,40,50,75,2,7,0,3,2,15_-1_231,348_Armaldo_Level_40
348,348,Armaldo,Rock,Bug,Grey,3,1.5,68.2,75,125,100,70,80,45,3,0,0,3,3,15_-1_231,
349,349,Feebas,Water,,Brown,3,0.6,7.4,20,15,20,10,55,80,5,7,0,6,1,231_141_1,350_Milotic_TradeItem_180
350,350,Milotic,Water,,Pink,3,6.2,162,95,60,79,100,125,81,5,8,0,6,2,122_29_36,
351,351,Castform,Normal,,Grey,3,0.3,0.8,70,70,70,70,70,70,5,0,0,5,5,64_-1_-1,
352,352,Kecleon,Normal,,Green,3,1,22,60,90,70,60,120,40,5,1,0,5,6,27_-1_163,
353,353,Shuppet,Ghost,,Black,3,0.6,2.3,44,75,35,63,33,45,1,0,0,1,1,100_67_35,354_Banette_Level_37
354,354,Banette,Ghost,,Black,3,1.1,12.5,64,115,65,83,63,65,1,1,0,1,2,100_67_35,
355,355,Duskull,Ghost,,Black,3,0.8,15,20,40,90,30,90,25,1,3,0,1,4,109_-1_67,356_Dusclops_Level_37
356,356,Dusclops,Ghost,,Black,3,1.6,30.6,40,70,130,60,130,25,1,4,0,2,0,159_-1_67,477_Dusknoir_TradeItem_184
357,357,Tropius,Grass,Flying,Green,3,2,100,99,68,83,72,87,51,3,5,0,4,3,24_206_80,
358,358,Chimecho,Psychic,,Blue,3,0.6,1,75,50,80,95,90,65,4,10,0,6,0,109_-1_-1,
359,359,Absol,Dark,,White,3,1.2,47,65,130,60,75,60,75,2,2,0,2,2,159_227_105,
360,360,Wynaut,Psychic,,Blue,3,0.6,14,95,23,48,23,48,23,5,0,0,6,1,193_-1_237,202_Wobbuffet_Level_15
361,361,Snorunt,Ice,,Grey,3,0.7,16.8,50,50,50,50,50,50,2,1,0,2,2,99_90_130,362_Glalie_Level_42;478_Froslass_ItemFemale_161
362,362,Glalie,Ice,,Grey,3,1.5,256.5,80,80,80,80,80,80,2,2,0,2,3,99_90_130,
363,363,Spheal,Ice,Water,Blue,3,0.8,39.5,70,40,50,55,50,25,2,4,0,3,0,239_90_141,364_Sealeo_Level_32
364,364,Sealeo,Ice,Water,Blue,3,1.1,87.6,90,60,70,75,70,45,3,0,0,3,1,239_90_141,365_Walrein_Level_44
365,365,Walrein,Ice,Water,Blue,3,1.4,150.6,110,80,90,95,90,65,3,1,0,3,2,239_90_141,
366,366,Clamperl,Water,,Blue,3,0.4,52.5,35,64,85,74,55,32,5,10,0,6,4,196_-1_171,368_Gorebyss_TradeItem_162;367_Huntail_TradeItem_163
367,367,Huntail,Water,,Blue,3,1.7,27,55,104,105,94,75,52,5,11,0,6,5,231_-1_260,
368,368,Gorebyss,Water,,Pink,3,1.8,22.6,55,84,105,114,75,52,6,0,0,6,6,231_-1_88,
369,369,Relicanth,Water,Rock,Grey,3,1,23.4,100,90,130,45,65,55,6,1,0,6,7,231_-1_225,
370,370,Luvdisc,Water,,Pink,3,0.6,8.7,43,30,55,40,65,97,6,2,0,6,8,231_-1_88,
371,371,Bagon,Dragon,,Blue,3,0.6,42.1,45,75,60,40,30,50,0,5,0,0,5,179_-1_195,372_Shelgon_Level_30
372,372,Shelgon,Dragon,,White,3,1.1,110.5,65,95,100,60,50,50,1,0,0,1,0,179_-1_142,373_Salamence_Level_50
373,373,Salamence,Dragon,Flying,Blue,3,1.5,102.6,95,135,80,110,80,100,1,1,0,1,1,101_-1_132,
374,374,Beldum,Steel,Psychic,Blue,3,0.6,95.2,40,55,80,35,60,30,2,0,0,1,4,25_-1_111,375_Metang_Level_20
375,375,Metang,Steel,Psychic,Blue,3,1.2,202.5,60,75,100,55,80,50,2,1,0,1,5,25_-1_111,376_Metagross_Level_45
376,376,Metagross,Steel,Psychic,Blue,3,1.6,550,80,135,130,95,90,70,2,2,0,2,0,25_-1_111,
377,377,Regirock,Rock,,Brown,3,1.7,230,80,100,200,50,100,50,3,1,0,3,4,25_-1_225,
378,378,Regice,Ice,,Blue,3,1.8,175,80,50,100,100,200,50,3,2,0,3,3,25_-1_90,
379,379,Registeel,Steel,,Grey,3,1.9,205,80,75,150,75,150,50,2,4,0,2,2,25_-1_111,
380,380,Latias,Dragon,Psychic,Red,3,1.4,40,80,80,90,110,130,110,1,3,0,1,3,109_-1_-1,
381,381,Latios,Dragon,Psychic,Blue,3,2,60,80,90,80,130,110,110,1,5,0,1,5,109_-1_-1,
382,382,Kyogre,Water,,Blue,3,4.5,352,100,100,90,150,140,90,3,6,1,6,9,49_-1_-1,
383,383,Groudon,Ground,,Red,3,3.5,950,100,150,140,100,90,90,1,3,1,3,0,50_-1_-1,
384,384,Rayquaza,Dragon,Flying,Green,3,7,206.5,105,150,90,150,90,95,2,1,1,2,1,4_-1_-1,
385,385,Jirachi,Steel,Psychic,Yellow,3,0.3,1.1,100,100,100,100,100,100,3,0,0,2,3,191_-1_-1,
386,386,Deoxys,Psychic,,Red,3,1.7,60.8,50,150,50,150,50,150,5,1,0,6,2,159_-1_-1,
387,387,Turtwig,Grass,,Green,4,0.4,10.2,55,68,64,45,55,31,3,6,0,4,4,143_-1_196,388_Grotle_Level_18
388,388,Grotle,Grass,,Green,4,1.1,97,75,89,85,55,65,36,3,7,0,4,5,143_-1_196,389_Torterra_Level_32
389,389,Torterra,Grass,Ground,Green,4,2.2,310,95,109,105,75,85,56,3,8,0,4,6,143_-1_196,
390,390,Chimchar,Fire,,Brown,4,0.5,6.2,44,58,44,58,44,61,3,5,0,4,0,20_-1_104,391_Monferno_Level_14
391,391,Monferno,Fire,Fighting,Brown,4,0.9,22,64,78,52,78,52,81,3,6,0,4,1,20_-1_104,392_Infernape_Level_36
392,392,Infernape,Fire,Fighting,Brown,4,1.2,55,76,104,71,104,71,108,3,7,0,4,2,20_-1_104,
393,393,Piplup,Water,,Blue,4,0.4,5.2,53,51,53,61,56,40,6,5,0,7,0,241_-1_43,394_Prinplup_Level_16
394,394,Prinplup,Water,,Blue,4,0.8,23,64,66,68,81,76,50,6,6,0,7,1,241_-1_43,395_Empoleon_Level_36
395,395,Empoleon,Water,Steel,Blue,4,1.7,84.5,84,86,88,111,101,60,6,7,0,7,2,241_-1_43,
396,396,Starly,Normal,Flying,Brown,4,0.3,2,40,55,30,30,30,60,5,2,0,5,7,106_-1_173,397_Staravia_Level_14
397,397,Staravia,Normal,Flying,Brown,4,0.6,15.5,55,75,50,40,40,80,5,3,0,5,8,101_-1_173,398_Staraptor_Level_34
398,398,Staraptor,Normal,Flying,Brown,4,1.2,24.9,85,120,70,50,60,100,5,4,0,5,9,101_-1_173,
399,399,Bidoof,Normal,,Brown,4,0.5,20,59,45,40,35,40,31,5,5,0,6,0,199_249_130,400_Bibarel_Level_15
400,400,Bibarel,Normal,Water,Brown,4,1,31.5,79,85,60,55,60,71,5,6,0,6,1,199_249_130,
401,401,Kricketot,Bug,,Red,4,0.3,2.2,37,25,41,25,41,25,4,2,0,4,2,194_-1_181,402_Kricketune_Level_10
402,402,Kricketune,Bug,,Red,4,1,25.5,77,85,51,55,51,65,4,3,0,4,3,229_-1_236,
403,403,Shinx,Electric,,Blue,4,0.5,9.5,45,65,34,40,34,45,3,0,0,3,6,177_101_79,404_Luxio_Level_15
404,404,Luxio,Electric,,Blue,4,0.9,30.5,60,85,49,60,49,60,3,1,0,4,0,177_101_79,405_Luxray_Level_30
405,405,Luxray,Electric,,Blue,4,1.4,42,80,120,79,95,79,70,3,2,0,4,1,177_101_79,
406,406,Budew,Grass,Poison,Green,4,0.2,1.2,40,30,35,50,70,55,3,9,0,4,7,136_153_108,315_Roselia_HappinessDay_220
407,407,Roserade,Grass,Poison,Green,4,0.9,14.5,60,70,65,125,105,90,4,0,0,5,0,136_153_236,
408,408,Cranidos,Rock,,Blue,4,0.9,31.5,67,125,40,30,30,58,3,2,0,3,5,129_-1_195,409_Rampardos_Level_30
409,409,Rampardos,Rock,,Blue,4,1.6,102.5,97,165,60,65,50,58,3,3,0,3,6,129_-1_195,
410,410,Shieldon,Rock,Steel,Grey,4,0.5,57,30,42,118,42,88,30,3,4,0,4,0,225_-1_209,411_Bastiodon_Level_30
411,411,Bastiodon,Rock,Steel,Grey,4,1.3,149.5,60,52,168,47,138,30,3,5,0,4,1,225_-1_209,
412,412,Burmy,Bug,,Green,4,0.2,3.4,40,29,45,29,45,36,4,4,0,4,4,194_-1_142,413_Wormadam_LevelFemale_20;414_Mothim_LevelMale_20
413,413,Wormadam,Bug,Grass,Green,4,0.5,6.5,60,59,85,79,105,36,4,7,0,4,7,7_-1_142,
414,414,Mothim,Bug,Flying,Yellow,4,0.9,23.3,70,94,50,94,50,66,5,1,0,5,1,229_-1_240,
415,415,Combee,Bug,Flying,Yellow,4,0.3,5.5,30,30,42,30,42,70,5,2,0,5,2,84_-1_87,416_Vespiquen_LevelFemale_21
416,416,Vespiquen,Bug,Flying,Yellow,4,1.2,38.5,70,80,102,80,102,40,5,3,0,5,3,159_-1_251,
417,417,Pachirisu,Electric,,White,4,0.4,3.9,60,45,70,45,90,95,3,3,0,4,2,181_149_255,
418,418,Buizel,Water,,Brown,4,0.7,29.5,55,65,35,60,30,85,6,8,0,7,3,231_-1_260,419_Floatzel_Level_26
419,419,Floatzel,Water,,Brown,4,1.1,33.5,85,105,55,85,50,115,6,9,0,7,4,231_-1_260,
420,420,Cherubi,Grass,,Pink,4,0.4,3.3,45,35,45,62,53,35,4,1,0,5,1,24_-1_-1,421_Cherrim_Level_25
421,421,Cherrim,Grass,,Pink,4,0.5,9.3,70,60,70,87,78,85,4,2,0,5,2,61_-1_-1,
422,422,Shellos,Water,,Purple,4,0.3,6.3,76,48,48,57,62,34,6,10,0,7,5,222_223_182,423_Gastrodon_Level_30
423,423,Gastrodon,Water,Ground,Purple,4,0.9,29.9,111,83,68,92,82,39,7,0,0,7,7,222_223_182,
424,424,Ambipom,Normal,,Purple,4,1.2,20.3,75,100,66,60,66,115,5,7,0,6,2,236_149_200,
425,425,Drifloon,Ghost,Flying,Purple,4,0.4,1.2,90,50,34,60,44,70,1,5,0,2,1,3_250_59,426_Drifblim_Level_28
426,426,Drifblim,Ghost,Flying,Purple,4,1.2,15,150,80,44,90,54,80,2,0,0,2,2,3_250_59,
427,427,Buneary,Normal,,Brown,4,0.4,5.5,55,66,44,44,56,85,5,8,0,6,3,181_107_113,428_Lopunny_Happiness_220
428,428,Lopunny,Normal,,Brown,4,1.2,33.3,65,76,84,54,96,105,5,9,0,6,4,36_107_113,
429,429,Mismagius,Ghost,,Purple,4,0.9,4.4,60,60,60,105,105,105,2,1,0,2,3,109_-1_-1,
430,430,Honchkrow,Dark,Flying,Black,4,0.9,27.3,100,125,52,105,52,71,2,4,0,2,4,100_227_132,
431,431,Glameow,Normal,,Grey,4,0.5,3.9,49,55,42,42,37,85,6,0,0,6,6,113_144_106,432_Purugly_Level_38
432,432,Purugly,Normal,,Grey,4,1,43.8,71,82,64,64,59,112,6,1,0,6,7,239_144_43,
433,433,Chingling,Psychic,,Yellow,4,0.2,0.6,45,30,50,65,50,45,5,5,0,6,6,109_-1_-1,358_Chimecho_HappinessNight_220
434,434,Stunky,Poison,Dark,Purple,4,0.4,19.2,63,63,47,41,41,74,4,2,0,3,1,221_3_106,435_Skuntank_Level_34
435,435,Skuntank,Poison,Dark,Purple,4,1,38,103,93,67,71,61,84,4,3,0,3,2,221_3_106,
436,436,Bronzor,Steel,Psychic,Green,4,0.5,60.5,57,24,86,24,86,23,3,1,0,2,4,109_82_83,437_Bronzong_Level_33
437,437,Bronzong,Steel,Psychic,Green,4,1.3,187,67,89,116,79,116,33,3,2,0,2,5,109_82_83,
438,438,Bonsly,Rock,,Brown,4,0.5,15,50,80,95,10,45,10,3,6,0,4,2,225_179_171,185_Sudowoodo_HasMove_Mimic
439,439,Mime Jr.,Psychic,Fairy,Pink,4,0.6,13,20,25,45,70,90,60,5,6,0,6,7,209_57_236,122_Mr. Mime_HasMove_Mimic;122G_Mr. Mime_HasMoveGalarian_Mimic
440,440,Happiny,Normal,,Pink,4,0.6,24.4,100,5,5,15,65,30,6,2,0,6,8,136_191_66,113_Chansey_DayHoldItem_179
441,441,Chatot,Normal,Flying,Black,4,0.5,1.9,76,65,45,92,42,91,6,3,0,6,9,106_234_19,
442,442,Spiritomb,Ghost,Dark,Purple,4,1,108,50,92,108,92,108,35,2,2,0,2,4,159_-1_97,
443,443,Gible,Dragon,Ground,Blue,4,0.7,20.5,58,70,45,40,45,42,2,3,0,2,3,186_-1_180,444_Gabite_Level_24
444,444,Gabite,Dragon,Ground,Blue,4,1.4,56,68,90,65,50,55,82,2,4,0,2,4,186_-1_180,445_Garchomp_Level_48
445,445,Garchomp,Dragon,Ground,Blue,4,1.9,95,108,130,95,80,85,102,2,5,0,2,5,186_-1_180,
446,446,Munchlax,Normal,,Black,4,0.6,105,135,85,40,40,85,5,6,4,0,7,0,149_239_72,143_Snorlax_Happiness_220
447,447,Riolu,Fighting,,Blue,4,0.7,20.2,40,70,40,35,40,60,2,3,0,2,3,217_99_158,448_Lucario_HappinessDay_220
448,448,Lucario,Fighting,Steel,Blue,4,1.2,54,70,110,70,115,70,90,2,4,0,2,4,217_99_105,
449,449,Hippopotas,Ground,,Brown,4,0.8,49.5,68,72,78,38,42,32,4,0,0,3,2,185_-1_182,450_Hippowdon_Level_34
450,450,Hippowdon,Ground,,Brown,4,2,300,108,112,118,68,72,47,4,1,0,3,3,185_-1_182,
451,451,Skorupi,Poison,Bug,Purple,4,0.8,12,40,50,90,30,55,65,4,4,0,3,3,15_203_106,452_Drapion_Level_40
452,452,Drapion,Poison,Dark,Purple,4,1.3,61.5,70,90,110,60,75,95,5,0,0,3,4,15_203_106,
453,453,Croagunk,Poison,Fighting,Blue,4,0.7,23,48,61,40,61,40,50,5,1,0,3,5,7_51_154,454_Toxicroak_Level_37
454,454,Toxicroak,Poison,Fighting,Blue,4,1.3,44.4,83,106,65,86,65,85,5,2,0,3,6,7_51_154,
455,455,Carnivine,Grass,,Green,4,1.4,27,74,100,72,90,72,46,4,4,0,5,4,109_-1_-1,
456,456,Finneon,Water,,Blue,4,0.4,7,49,49,56,49,61,66,7,2,0,7,9,231_223_260,457_Lumineon_Level_31
457,457,Lumineon,Water,,Blue,4,1.2,24,69,69,76,69,86,91,7,3,0,7,10,231_223_260,
458,458,Mantyke,Water,Flying,Blue,4,1,65,45,20,50,60,120,50,7,4,0,8,0,231_257_260,226_Mantine_HasInParty_223
459,459,Snover,Grass,Ice,White,4,1,50.5,60,62,50,62,60,40,4,5,0,5,5,205_-1_209,460_Abomasnow_Level_40
460,460,Abomasnow,Grass,Ice,White,4,2.2,135.5,90,92,75,92,85,60,4,6,0,5,6,205_-1_209,
461,461,Weavile,Dark,Ice,Black,4,1.1,34,70,120,65,45,85,125,2,5,0,2,5,159_-1_148,
462,462,Magnezone,Electric,Steel,Grey,4,1.2,180,70,70,115,130,90,60,3,4,0,4,3,121_225_5,
463,463,Lickilicky,Normal,,Pink,4,1.7,140,110,85,95,80,95,50,6,5,0,7,1,144_141_26,
464,464,Rhyperior,Ground,Rock,Grey,4,2.4,282.8,115,140,130,55,55,40,4,2,0,3,4,112_207_173,
465,465,Tangrowth,Grass,,Blue,4,2,128.6,100,100,125,110,50,50,4,8,0,6,0,24_108_175,
466,466,Electivire,Electric,,Yellow,4,1.8,138.6,75,123,67,95,85,95,3,5,0,4,4,131_-1_254,
467,467,Magmortar,Fire,,Red,4,1.6,68,75,95,67,125,95,83,3,8,0,4,3,58_-1_254,
468,468,Togekiss,Fairy,Flying,White,4,1.5,38,85,50,95,120,115,80,1,2,0,1,2,87_191_227,
469,469,Yanmega,Bug,Flying,Green,4,1.9,51.5,86,76,86,116,56,95,5,4,0,5,4,210_240_67,
470,470,Leafeon,Grass,,Green,4,1,25.5,65,110,130,60,65,95,4,9,0,6,1,108_-1_24,
471,471,Glaceon,Ice,,Blue,4,0.8,25.9,65,60,110,130,95,65,3,3,0,3,4,204_-1_90,
472,472,Gliscor,Ground,Flying,Purple,4,2,42.5,75,95,125,45,75,95,4,3,0,3,5,89_186_152,
473,473,Mamoswine,Ice,Ground,Brown,4,2.5,291,110,130,80,70,60,80,3,4,0,4,0,141_204_239,
474,474,Porygon-Z,Normal,,Red,4,0.9,34,85,80,70,135,75,90,6,6,0,7,2,1_47_5,
475,475,Gallade,Psychic,Fighting,White,4,1.6,52,68,125,65,65,115,80,5,7,0,6,8,217_-1_105,
476,476,Probopass,Rock,Steel,Grey,4,1.4,340,60,55,145,75,150,40,3,7,0,4,3,225_121_182,
477,477,Dusknoir,Ghost,,Black,4,2.2,106.6,45,100,135,65,135,45,2,3,0,3,0,159_-1_67,
478,478,Froslass,Ice,Ghost,White,4,1.3,26.6,70,80,70,80,70,110,4,0,0,4,1,204_-1_35,
479,479,Rotom,Electric,Ghost,Red,4,0.3,0.3,50,50,77,95,77,91,3,6,0,4,5,109_-1_-1,
480,480,Uxie,Psychic,,Yellow,4,0.3,0.3,75,75,130,75,130,95,5,9,0,7,1,109_-1_-1,
481,481,Mesprit,Psychic,,Pink,4,0.3,0.3,80,105,105,105,105,80,5,10,0,7,2,109_-1_-1,
482,482,Azelf,Psychic,,Blue,4,0.3,0.3,75,125,70,125,70,115,6,0,0,7,3,109_-1_-1,
483,483,Dialga,Steel,Dragon,White,4,5.4,683,100,120,120,150,100,90,0,5,1,3,0,159_-1_237,
484,484,Palkia,Water,Dragon,Purple,4,4.2,336,90,120,100,150,120,100,4,1,1,8,1,159_-1_237,
485,485,Heatran,Fire,Steel,Brown,4,1.7,430,91,90,106,130,106,77,4,0,0,4,4,60_-1_58,
486,486,Regigigas,Normal,,White,4,3.7,420,110,160,110,80,110,100,3,3,1,7,3,201_-1_-1,
487,487,Giratina,Ghost,Dragon,Black,4,4.5,750,150,100,120,100,120,90,2,2,1,3,1,159_-1_237,
488,488,Cresselia,Psychic,,Yellow,4,1.5,85.6,120,70,120,75,130,85,6,1,0,7,4,109_-1_-1,
489,489,Phione,Water,,Blue,4,0.4,3.1,80,80,80,80,80,80,7,6,0,8,2,88_-1_-1,
490,490,Manaphy,Water,,Blue,4,0.3,1.4,100,100,100,100,100,100,7,7,0,8,3,88_-1_-1,
491,491,Darkrai,Dark,,Black,4,1.5,50.5,70,90,90,135,90,125,2,6,0,2,6,12_-1_-1,
492,492,Shaymin,Grass,,Green,4,0.2,2.1,100,100,100,100,100,100,5,0,0,6,2,136_-1_-1,
493,493,Arceus,Normal,,White,4,3.2,320,120,120,120,120,120,120,3,4,1,7,4,134_-1_-1,
494,494,Victini,Psychic,Fire,Yellow,5,0.4,4,100,100,100,100,100,100,6,2,0,7,5,253_-1_-1,
495,495,Snivy,Grass,,Green,5,0.6,8.1,45,45,55,45,55,63,5,2,0,6,4,143_-1_31,496_Servine_Level_17
496,496,Servine,Grass,,Green,5,0.8,16,60,60,75,60,75,83,5,3,0,6,5,143_-1_31,497_Serperior_Level_36
497,497,Serperior,Grass,,Green,5,3.3,63,75,75,95,75,95,113,5,4,0,6,6,143_-1_31,
498,498,Tepig,Fire,,Red,5,0.5,9.9,65,63,45,45,45,45,4,1,0,4,5,20_-1_239,499_Pignite_Level_17
499,499,Pignite,Fire,Fighting,Red,5,1,55.5,90,93,55,70,55,55,4,2,0,4,6,20_-1_239,500_Emboar_Level_36
500,500,Emboar,Fire,Fighting,Red,5,1.6,150,110,123,65,100,65,65,4,3,0,4,7,20_-1_173,
501,501,Oshawott,Water,,Blue,5,0.5,5.9,55,55,45,63,45,45,7,8,0,8,4,241_-1_196,502_Dewott_Level_17
502,502,Dewott,Water,,Blue,5,0.8,24.5,75,75,60,83,60,60,7,9,0,8,5,241_-1_196,503_Samurott_Level_36;503H_Samurott_LevelHisuian_36
503,503,Samurott,Water,,Blue,5,1.5,94.6,95,100,85,108,70,70,7,10,0,8,6,241_-1_196,
504,504,Patrat,Normal,,Brown,5,0.5,11.6,45,55,39,35,39,42,6,9,0,7,5,181_106_5,505_Watchog_Level_20
505,505,Watchog,Normal,,Brown,5,1.1,27,60,85,69,60,69,77,6,10,0,7,6,93_106_5,
506,506,Lillipup,Normal,,Brown,5,0.4,4.1,45,60,45,25,45,55,7,0,0,7,7,254_149_181,507_Herdier_Level_16
507,507,Herdier,Normal,,Grey,5,0.9,14.7,65,80,65,35,65,60,7,1,0,7,8,101_183_189,508_Stoutland_Level_32
508,508,Stoutland,Normal,,Grey,5,1.2,61,85,110,90,45,90,80,7,2,0,7,9,101_183_189,
509,509,Purrloin,Dark,,Purple,5,0.4,10.1,41,50,37,50,37,66,3,0,0,3,0,113_250_158,510_Liepard_Level_20
510,510,Liepard,Dark,,Purple,5,1.1,37.5,64,88,50,88,50,106,3,1,0,3,1,113_250_158,
511,511,Pansage,Grass,,Green,5,0.6,10.5,50,53,48,53,48,64,5,5,0,6,7,72_-1_143,512_Simisage_Item_174
512,512,Simisage,Grass,,Green,5,1.1,30.5,75,98,63,98,63,101,5,6,0,7,0,72_-1_143,
513,513,Pansear,Fire,,Red,5,0.6,11,50,53,48,53,48,64,4,4,0,5,0,72_-1_20,514_Simisear_Item_168
514,514,Simisear,Fire,,Red,5,1,28,75,98,63,98,63,101,4,5,0,5,1,72_-1_20,
515,515,Panpour,Water,,Blue,5,0.6,13.5,50,53,48,53,48,64,7,11,0,8,7,72_-1_241,516_Simipour_Item_195
516,516,Simipour,Water,,Blue,5,1,29,75,98,63,98,63,101,8,0,0,8,8,72_-1_241,
517,517,Munna,Psychic,,Pink,5,0.6,23.3,76,25,45,67,55,24,6,3,0,7,6,65_233_237,518_Musharna_Item_178
518,518,Musharna,Psychic,,Pink,5,1.1,60.5,116,55,85,107,95,29,6,4,0,7,7,65_233_237,
519,519,Pidove,Normal,Flying,Grey,5,0.3,2.1,50,55,50,36,30,43,7,3,0,8,0,19_227_177,520_Tranquill_Level_21
520,520,Tranquill,Normal,Flying,Grey,5,0.6,15,62,77,62,50,42,65,7,4,0,8,1,19_227_177,521_Unfezant_LevelMale_32;521F_Unfezant_LevelFemale_32
521,521,Unfezant,Normal,Flying,Grey,5,1.2,29,80,115,80,65,55,93,7,5,0,8,2,19_227_177,
522,522,Blitzle,Electric,,Black,5,0.8,29.8,45,60,32,50,32,76,4,3,0,5,4,112_131_187,523_Zebstrika_Level_27
523,523,Zebstrika,Electric,,Black,5,1.6,79.5,75,100,63,80,63,116,4,4,0,5,5,112_131_187,
524,524,Roggenrola,Rock,,Blue,5,0.4,18,55,75,85,25,25,15,4,0,0,4,4,225_261_182,525_Boldore_Level_25
525,525,Boldore,Rock,,Blue,5,0.9,102,70,105,105,50,40,20,4,1,0,4,5,225_261_182,526_Gigalith_Trade_0
526,526,Gigalith,Rock,,Blue,5,1.7,260,85,135,130,60,80,25,4,2,0,4,6,225_185_182,
527,527,Woobat,Psychic,Flying,Blue,5,0.4,2.1,65,45,43,55,43,72,6,5,0,7,8,249_107_199,528_Swoobat_Happiness_220
528,528,Swoobat,Psychic,Flying,Blue,5,0.9,10.5,67,57,55,77,55,114,6,6,0,8,0,249_107_199,
529,529,Drilbur,Ground,,Grey,5,0.3,8.5,60,85,40,30,45,68,4,4,0,4,0,183_182_129,530_Excadrill_Level_31
530,530,Excadrill,Ground,Steel,Grey,5,0.7,40.4,110,135,60,50,65,88,5,0,0,4,1,183_182_129,
531,531,Audino,Normal,,Pink,5,1.1,31,103,60,86,60,86,50,7,6,0,8,3,81_175_107,
532,532,Timburr,Fighting,,Grey,5,0.6,12.5,75,80,55,25,35,35,3,0,0,3,0,79_195_104,533_Gurdurr_Level_25
533,533,Gurdurr,Fighting,,Grey,5,1.2,40,85,105,85,40,50,40,3,1,0,3,1,79_195_104,534_Conkeldurr_Trade_0
534,534,Conkeldurr,Fighting,,Brown,5,1.4,87,105,140,95,55,65,45,3,2,0,3,2,79_195_104,
535,535,Tympole,Water,,Blue,5,0.5,4.5,50,50,40,50,40,64,8,1,0,8,9,231_88_257,536_Palpitoad_Level_25
536,536,Palpitoad,Water,Ground,Blue,5,0.8,17,75,65,55,65,55,69,8,2,0,8,10,231_88_257,537_Seismitoad_Level_36
537,537,Seismitoad,Water,Ground,Blue,5,1.5,62,105,95,75,85,75,74,8,3,0,9,0,231_154_257,
538,538,Throh,Fighting,,Red,5,1.3,55.5,120,100,85,30,85,45,3,3,0,3,3,79_99_129,
539,539,Sawk,Fighting,,Blue,5,1.4,51,75,125,75,30,75,85,3,4,0,3,4,225_99_129,
540,540,Sewaddle,Bug,Grass,Yellow,5,0.3,2.5,45,53,70,40,60,42,5,5,0,5,5,229_24_142,541_Swadloon_Level_20
541,541,Swadloon,Bug,Grass,Green,5,0.5,7.3,55,63,90,50,80,42,5,6,0,5,6,108_24_142,542_Leavanny_Happiness_220
542,542,Leavanny,Bug,Grass,Yellow,5,1.2,20.5,75,103,80,70,80,92,5,7,0,5,7,229_24_142,
543,543,Venipede,Bug,Poison,Red,5,0.4,5.3,30,45,59,30,39,57,5,8,0,5,8,153_229_210,544_Whirlipede_Level_22
544,544,Whirlipede,Bug,Poison,Grey,5,1.2,58.5,40,55,99,40,79,47,6,0,0,6,0,153_229_210,545_Scolipede_Level_30
545,545,Scolipede,Bug,Poison,Red,5,1.5,200.5,60,100,89,55,69,112,6,1,0,6,1,153_229_210,
546,546,Cottonee,Grass,Fairy,Green,5,0.3,0.6,40,27,60,37,50,66,5,7,0,7,1,158_97_24,547_Whimsicott_Item_190
547,547,Whimsicott,Grass,Fairy,Green,5,0.7,6.6,60,67,85,77,75,116,5,8,0,7,2,158_97_24,
548,548,Petilil,Grass,,Green,5,0.5,6.6,45,35,50,70,50,30,5,9,0,7,3,24_144_108,549_Lilligant_Item_190;549H_Lilligant_ItemHisuian_190
549,549,Lilligant,Grass,,Green,5,1.1,16.3,70,60,75,110,75,90,6,0,0,7,4,24_144_108,
550,550,Basculin,Water,,Green,5,1,18,70,92,65,80,55,98,8,5,0,9,1,173_1_129,
551,551,Sandile,Ground,Dark,Brown,5,0.7,15.2,50,72,35,35,35,65,5,1,0,4,2,101_132_6,552_Krokorok_Level_29
552,552,Krokorok,Ground,Dark,Brown,5,1,33.4,60,82,45,45,45,74,5,2,0,4,3,101_132_6,553_Krookodile_Level_40
553,553,Krookodile,Ground,Dark,Red,5,1.5,96.3,95,117,80,65,70,92,5,3,0,4,4,101_132_6,
554,554,Darumaka,Fire,,Red,5,0.6,37.5,70,90,45,15,45,50,4,6,0,5,2,87_-1_99,555_Darmanitan_Level_35
555,555,Darmanitan,Fire,,Red,5,1.3,92.9,105,140,55,30,55,95,4,7,0,5,3,195_-1_266,
556,556,Maractus,Grass,,Green,5,1,28,75,86,67,106,67,60,6,1,0,7,5,257_24_223,
557,557,Dwebble,Bug,Rock,Red,5,0.3,14.5,50,65,85,35,35,55,6,2,0,6,2,225_196_261,558_Crustle_Level_34
558,558,Crustle,Bug,Rock,Red,5,1.4,200,70,105,125,65,75,45,6,3,0,6,3,225_196_261,
559,559,Scraggy,Dark,Fighting,Yellow,5,0.6,11.8,50,75,70,35,70,48,3,2,0,3,2,194_132_101,560_Scrafty_Level_39
560,560,Scrafty,Dark,Fighting,Red,5,1.1,30,65,90,115,45,115,58,3,3,0,3,3,194_132_101,
561,561,Sigilyph,Psychic,Flying,Black,5,1.4,14,72,58,80,103,80,97,6,7,0,8,1,265_118_240,
562,562,Yamask,Ghost,,Black,5,0.5,1.5,38,30,85,55,65,30,3,0,0,3,3,135_-1_-1,563_Cofagrigus_Level_34
563,563,Cofagrigus,Ghost,,Yellow,5,1.7,76.5,58,50,145,95,105,30,3,1,0,3,4,135_-1_-1,
564,564,Tirtouga,Water,Rock,Blue,5,0.7,16.5,54,78,103,53,45,22,8,6,0,9,3,207_225_231,565_Carracosta_Level_37
565,565,Carracosta,Water,Rock,Blue,5,1.2,81,74,108,133,83,65,32,8,7,0,9,4,207_225_231,
566,566,Archen,Rock,Flying,Yellow,5,0.5,9.5,55,112,45,74,45,70,4,3,0,5,0,42_-1_-1,567_Archeops_Level_37
567,567,Archeops,Rock,Flying,Yellow,5,1.4,32,75,140,65,112,65,110,4,4,0,5,1,42_-1_-1,
568,568,Trubbish,Poison,,Green,5,0.6,31,50,50,62,40,62,65,5,3,0,4,0,221_222_3,569_Garbodor_Level_36
569,569,Garbodor,Poison,,Green,5,1.9,107.3,80,95,82,60,82,75,5,4,0,4,1,221_261_3,
570,570,Zorua,Dark,,Grey,5,0.7,12.5,40,65,40,80,40,65,3,4,0,3,4,94_-1_-1,571_Zoroark_Level_30
571,571,Zoroark,Dark,,Grey,5,1.6,81.1,60,105,60,120,60,105,3,5,0,3,5,94_-1_-1,
572,572,Minccino,Normal,,Grey,5,0.4,5.8,55,50,40,40,40,75,7,8,0,8,5,36_236_200,573_Cinccino_Item_187
573,573,Cinccino,Normal,,Grey,5,0.5,7.5,75,95,60,65,60,115,7,9,0,8,6,36_236_200,
574,574,Gothita,Psychic,,Purple,5,0.4,5.8,45,30,50,55,65,45,6,8,0,8,2,67_29_193,575_Gothorita_Level_32
575,575,Gothorita,Psychic,,Purple,5,0.7,18,60,45,70,75,85,55,6,9,0,8,3,67_29_193,576_Gothitelle_Level_41
576,576,Gothitelle,Psychic,,Purple,5,1.5,44,70,55,95,95,110,65,6,10,0,8,4,67_29_193,
577,577,Solosis,Psychic,,Green,5,0.3,1,45,30,40,105,50,20,7,0,0,8,5,142_118_175,578_Duosion_Level_32
578,578,Duosion,Psychic,,Green,5,0.6,8,65,40,50,125,60,30,7,1,0,8,6,142_118_175,579_Reuniclus_Level_41
579,579,Reuniclus,Psychic,,Green,5,1,20.1,110,65,75,125,85,30,7,2,0,8,7,142_118_175,
580,580,Ducklett,Water,Flying,Blue,5,0.5,5.5,62,44,50,44,50,55,8,8,0,9,5,106_19_88,581_Swanna_Level_35
581,581,Swanna,Water,Flying,White,5,1.3,24.2,75,87,63,87,63,98,8,9,0,9,6,106_19_88,
582,582,Vanillite,Ice,,White,5,0.4,5.7,36,50,50,65,60,44,4,4,0,5,0,90_204_261,583_Vanillish_Level_35
583,583,Vanillish,Ice,,White,5,1.1,41,51,65,65,80,75,59,5,0,0,5,1,90_204_261,584_Vanilluxe_Level_47
584,584,Vanilluxe,Ice,,White,5,1.3,57.5,71,95,85,110,95,79,5,1,0,5,2,90_205_261,
585,585,Deerling,Normal,Grass,Pink,5,0.6,19.5,60,60,50,40,50,75,8,0,0,8,7,24_187_191,586_Sawsbuck_Level_34
586,586,Sawsbuck,Normal,Grass,Brown,5,1.9,92.5,80,100,70,60,70,95,8,3,0,9,1,24_187_191,
587,587,Emolga,Electric,Flying,White,5,0.4,5,55,75,60,75,60,103,4,5,0,5,6,216_-1_131,
588,588,Karrablast,Bug,,Blue,5,0.5,5.9,50,75,45,40,45,60,6,4,0,6,4,229_194_139,589_Escavalier_TradeSpecies_616
589,589,Escavalier,Bug,Steel,Grey,5,1,33,70,135,105,60,105,20,6,5,0,6,5,229_196_142,
590,590,Foongus,Grass,Poison,White,5,0.2,1,69,55,45,55,55,15,6,2,0,7,6,53_-1_175,591_Amoonguss_Level_39
591,591,Amoonguss,Grass,Poison,White,5,0.6,10.5,114,85,70,85,80,30,6,3,0,7,7,53_-1_175,
592,592,Frillish,Water,Ghost,White,5,1.2,33,55,40,50,65,85,40,8,10,0,9,7,257_35_37,593_Jellicent_Level_40
593,593,Jellicent,Water,Ghost,White,5,2.2,135,100,60,70,85,105,60,8,11,0,9,8,257_35_37,
594,594,Alomomola,Water,,Pink,5,1.2,31.6,165,75,80,40,45,65,9,0,0,9,9,81_88_175,
595,595,Joltik,Bug,Electric,Yellow,5,0.1,0.6,50,47,50,57,50,65,6,6,0,6,6,30_251_229,596_Galvantula_Level_36
596,596,Galvantula,Bug,Electric,Yellow,5,0.8,14.3,70,77,60,97,60,108,6,7,0,6,7,30_251_229,
597,597,Ferroseed,Grass,Steel,Grey,5,0.6,18.8,44,50,91,24,86,10,6,4,0,8,0,103_-1_-1,598_Ferrothorn_Level_40
598,598,Ferrothorn,Grass,Steel,Grey,5,1,110,74,94,131,54,116,20,2,2,2,8,1,103_-1_7,
599,599,Klink,Steel,,Grey,5,0.3,21,40,55,70,45,60,30,3,4,0,3,1,151_126_25,600_Klang_Level_38
600,600,Klang,Steel,,Grey,5,0.6,51,60,80,95,70,85,50,4,0,0,3,2,151_126_25,601_Klinklang_Level_49
601,601,Klinklang,Steel,,Grey,5,0.6,81,60,100,115,70,85,90,4,1,0,3,3,151_126_25,
602,602,Tynamo,Electric,,White,5,0.2,0.3,35,55,40,45,40,60,4,6,0,6,0,109_-1_-1,603_Eelektrik_Level_39
603,603,Eelektrik,Electric,,Blue,5,1.2,22,65,85,70,75,70,40,4,7,0,6,1,109_-1_-1,604_Eelektross_Item_193
604,604,Eelektross,Electric,,Blue,5,2.1,80.5,85,115,80,105,80,50,4,8,0,6,2,109_-1_-1,
605,605,Elgyem,Psychic,,Blue,5,0.5,9,55,55,55,85,55,30,7,3,0,8,8,237_233_5,606_Beheeyem_Level_42
606,606,Beheeyem,Psychic,,Brown,5,1,34.5,75,75,75,125,95,40,7,4,0,9,0,237_233_5,
607,607,Litwick,Ghost,Fire,White,5,0.3,3.1,50,30,55,65,55,20,3,2,0,4,0,60_58_97,608_Lampent_Level_41
608,608,Lampent,Ghost,Fire,Black,5,0.6,13,60,40,60,95,60,55,3,3,0,4,1,60_58_97,609_Chandelure_Item_166
609,609,Chandelure,Ghost,Fire,Black,5,1,34.3,60,55,90,145,90,80,3,4,0,4,2,60_58_97,
610,610,Axew,Dragon,,Green,5,0.6,18,46,87,60,30,40,57,3,1,0,3,1,177_129_251,611_Fraxure_Level_38
611,611,Fraxure,Dragon,,Green,5,1,36,66,117,70,40,50,67,3,2,0,3,2,177_129_251,612_Haxorus_Level_48
612,612,Haxorus,Dragon,,Yellow,5,1.8,105.5,76,147,90,60,70,97,3,3,0,3,3,177_129_251,
613,613,Cubchoo,Ice,,White,5,0.5,8.5,55,70,40,60,40,40,5,2,0,5,3,204_202_171,614_Beartic_Level_37
614,614,Beartic,Ice,,White,5,2.6,260,95,130,80,70,80,50,5,3,0,5,4,204_202_231,
615,615,Cryogonal,Ice,,Blue,5,1.1,148,80,50,50,95,135,105,5,4,0,6,0,109_-1_-1,
616,616,Shelmet,Bug,,Red,5,0.4,7.7,50,40,85,40,65,25,6,8,0,6,8,88_196_142,617_Accelgor_TradeSpecies_588
617,617,Accelgor,Bug,,Red,5,0.8,25.3,80,70,40,100,60,145,7,0,0,7,0,88_222_250,
618,618,Stunfisk,Ground,Electric,Brown,5,0.7,11,109,66,84,81,99,32,5,4,0,5,0,216_113_186,
619,619,Mienfoo,Fighting,,Yellow,5,0.9,20,45,85,50,55,50,65,3,5,0,3,5,99_175_173,620_Mienshao_Level_50
620,620,Mienshao,Fighting,,Purple,5,1.4,35.5,65,125,60,95,60,105,4,0,0,4,0,99_175_173,
621,621,Druddigon,Dragon,,Red,5,1.6,139,77,120,90,60,90,48,3,4,0,3,4,180_195_129,
622,622,Golett,Ground,Ghost,Green,5,1,92,59,74,50,35,50,35,6,0,0,5,2,104_107_139,623_Golurk_Level_43
623,623,Golurk,Ground,Ghost,Green,5,2.8,330,89,124,80,55,80,55,6,1,0,5,3,104_107_139,
624,624,Pawniard,Dark,Steel,Red,5,0.5,10.2,45,85,70,40,40,60,3,6,0,3,6,43_99_159,625_Bisharp_Level_52
625,625,Bisharp,Dark,Steel,Red,5,1.6,70,65,125,100,60,70,70,4,0,0,4,0,43_99_159,
626,626,Bouffalant,Normal,,Brown,5,1.6,94.6,95,110,95,40,95,55,8,7,0,9,5,173_187_209,
627,627,Rufflet,Normal,Flying,White,5,0.5,10.5,70,83,50,37,50,60,8,8,0,9,6,106_195_87,628_Braviary_Level_54;628H_Braviary_LevelHisuian_54
628,628,Braviary,Normal,Flying,Red,5,1.5,41,100,123,75,57,75,80,8,9,0,9,7,106_195_43,
629,629,Vullaby,Dark,Flying,Brown,5,0.5,9,70,55,75,45,65,60,4,1,0,4,1,19_142_261,630_Mandibuzz_Level_54
630,630,Mandibuzz,Dark,Flying,Brown,5,1.2,39.5,110,65,105,55,95,80,4,2,0,4,2,19_142_261,
631,631,Heatmor,Fire,,Red,5,1.4,58,85,97,66,105,66,65,5,0,0,5,5,72_60_262,
632,632,Durant,Bug,Steel,Grey,5,0.3,33,58,109,112,48,48,109,7,1,0,7,1,229_87_247,
633,633,Deino,Dark,Dragon,Blue,5,0.8,17.3,52,65,50,45,50,38,4,3,0,4,3,87_-1_-1,634_Zweilous_Level_50
634,634,Zweilous,Dark,Dragon,Blue,5,1.4,50,72,85,70,65,70,58,4,4,0,4,4,87_-1_-1,635_Hydreigon_Level_64
635,635,Hydreigon,Dark,Dragon,Blue,5,1.8,160,92,105,90,125,90,98,4,5,0,4,5,109_-1_-1,
636,636,Larvesta,Bug,Fire,White,5,1.1,28.8,55,85,55,50,55,60,7,2,0,7,2,58_-1_229,637_Volcarona_Level_59
637,637,Volcarona,Bug,Fire,White,5,1.6,46,85,60,65,135,105,100,7,3,0,7,3,58_-1_229,
638,638,Cobalion,Steel,Fighting,Blue,5,2.1,250,91,90,129,90,72,108,4,2,0,3,4,105_-1_-1,
639,639,Terrakion,Rock,Fighting,Grey,5,1.9,260,91,129,90,72,90,108,4,5,0,5,2,105_-1_-1,
640,640,Virizion,Grass,Fighting,Green,5,2,200,91,90,72,90,129,108,6,6,0,8,2,105_-1_-1,
641,641,Tornadus,Flying,,Green,5,1.5,63,79,115,70,125,80,111,0,0,0,0,0,158_-1_43,
642,642,Thundurus,Electric,Flying,Blue,5,1.5,61,79,115,70,125,80,111,5,0,0,6,3,158_-1_43,
643,643,Reshiram,Dragon,Fire,White,5,3.2,330,100,120,100,150,120,90,0,2,2,3,5,248_-1_-1,
644,644,Zekrom,Dragon,Electric,Black,5,2.9,345,100,150,120,120,100,90,0,3,2,4,0,238_-1_-1,
645,645,Landorus,Ground,Flying,Brown,5,1.5,68,89,125,90,115,80,101,6,2,0,5,4,182_-1_195,
646,646,Kyurem,Dragon,Ice,Grey,5,3,325,125,130,90,130,90,95,0,4,2,4,1,159_-1_-1,
647,647,Keldeo,Water,Fighting,Yellow,5,1.4,48.5,91,72,90,129,90,108,9,1,0,9,10,105_-1_-1,
648,648,Meloetta,Normal,Psychic,White,5,0.6,6.5,100,77,77,128,128,90,8,10,0,9,8,191_-1_-1,
649,649,Genesect,Bug,Steel,Purple,5,1.5,82.5,71,120,95,120,95,99,7,4,0,7,4,47_-1_-1,
650,650,Chespin,Grass,,Green,6,0.4,9,56,61,65,48,45,38,6,7,0,8,3,143_-1_21,651_Quilladin_Level_16
651,651,Quilladin,Grass,,Green,6,0.7,29,61,78,95,56,58,57,6,8,0,8,4,143_-1_21,652_Chesnaught_Level_36
652,652,Chesnaught,Grass,Fighting,Green,6,1.6,90,88,107,122,74,75,64,6,9,0,8,5,143_-1_21,
653,653,Fennekin,Fire,,Red,6,0.4,9.4,40,45,40,62,60,60,5,1,0,5,6,20_-1_119,654_Braixen_Level_16
654,654,Braixen,Fire,,Red,6,1,14.5,59,59,58,90,70,73,5,2,0,5,7,20_-1_119,655_Delphox_Level_36
655,655,Delphox,Fire,Psychic,Red,6,1.5,39,75,69,72,114,100,104,5,3,0,6,0,20_-1_119,
656,656,Froakie,Water,,Blue,6,0.3,7,41,56,40,62,44,71,9,3,0,10,1,241_-1_163,657_Frogadier_Level_16
657,657,Frogadier,Water,,Blue,6,0.6,10.9,54,63,52,83,56,97,9,4,0,10,2,241_-1_163,658_Greninja_Level_36
658,658,Greninja,Water,Dark,Blue,6,1.5,40,72,95,67,103,71,122,9,5,0,10,3,241_-1_163,
659,659,Bunnelby,Normal,,Brown,6,0.4,5,38,36,38,32,36,57,9,1,0,10,0,149_22_85,660_Diggersby_Level_20
660,660,Diggersby,Normal,Ground,Brown,6,1,42.4,85,56,77,50,77,78,9,2,0,10,1,149_22_85,
661,661,Fletchling,Normal,Flying,Red,6,0.3,1.7,45,50,43,40,38,62,9,3,0,10,2,19_-1_70,662_Fletchinder_Level_17
662,662,Fletchinder,Fire,Flying,Red,6,0.7,16,62,73,55,56,52,84,5,4,0,6,1,58_-1_70,663_Talonflame_Level_35
663,663,Talonflame,Fire,Flying,Red,6,1.2,24.5,78,81,71,74,69,126,5,5,0,6,2,58_-1_70,
664,664,Scatterbug,Bug,,Black,6,0.3,2.5,38,35,40,27,25,35,7,5,0,7,5,197_30_66,665_Spewpa_Level_9
665,665,Spewpa,Bug,,Black,6,0.3,8.4,45,22,60,27,30,29,7,6,0,7,6,194_-1_66,666_Vivillon_Level_12
666,666,Vivillon,Bug,Flying,White,6,1.2,17,80,52,50,90,50,89,7,7,0,7,7,197_30_66,
667,667,Litleo,Fire,Normal,Brown,6,0.6,13.5,62,50,58,73,54,72,5,6,0,6,3,177_251_132,668_Pyroar_LevelMale_35;668F_Pyroar_LevelFemale_35
668,668,Pyroar,Fire,Normal,Brown,6,1.5,81.5,86,68,72,109,66,106,5,7,0,6,4,177_251_132,
669,669,Flabebe,Fairy,,White,6,0.1,0.1,44,38,39,61,79,42,1,3,0,1,3,62_-1_232,670_Floette_Level_19
670,670,Floette,Fairy,,White,6,0.2,0.9,54,45,47,75,98,52,1,4,0,1,4,62_-1_232,671_Florges_Item_187
671,671,Florges,Fairy,,White,6,1.1,10,78,65,68,112,154,75,2,0,0,2,0,62_-1_232,
672,672,Skiddo,Grass,,Brown,6,0.9,31,66,65,48,62,57,52,7,0,0,8,6,187_-1_75,673_Gogoat_Level_32
673,673,Gogoat,Grass,,Brown,6,1.7,91,123,100,62,97,81,68,7,1,0,8,7,187_-1_75,
674,674,Pancham,Fighting,,White,6,0.6,8,67,82,62,46,48,43,4,1,0,4,1,104_129_189,675_Pangoro_LevelDarkInParty_32
675,675,Pangoro,Fighting,Dark,White,6,2.1,136,95,124,78,69,71,58,4,2,0,4,2,104_129_189,
676,676,Furfrou,Normal,,White,6,1.2,28,75,80,60,65,90,102,9,4,0,10,3,69_-1_-1,
677,677,Espurr,Psychic,,Grey,6,0.3,3.5,62,48,54,63,60,68,7,5,0,9,1,106_97_144,678_Meowstic_LevelMale_25;678F_Meowstic_LevelFemale_25
678,678,Meowstic,Psychic,,Blue,6,0.6,8.5,74,48,76,83,81,104,7,6,0,9,2,106_97_158,
679,679,Honedge,Steel,Ghost,Brown,6,0.8,2,45,80,100,35,37,28,4,3,0,3,5,139_-1_-1,680_Doublade_Level_35
680,680,Doublade,Steel,Ghost,Brown,6,0.8,4.5,59,110,150,45,49,35,4,4,0,4,0,139_-1_-1,681_Aegislash_Item_166
681,681,Aegislash,Steel,Ghost,Brown,6,1.7,53,60,50,150,50,150,60,5,0,0,4,1,215_-1_-1,
682,682,Spritzee,Fairy,,Pink,6,0.2,0.5,78,52,60,63,65,23,2,1,0,2,1,81_-1_9,683_Aromatisse_TradeItem_186
683,683,Aromatisse,Fairy,,Pink,6,0.8,15.5,101,72,72,99,89,29,2,2,0,2,2,81_-1_9,
684,684,Swirlix,Fairy,,White,6,0.4,3.5,62,48,66,59,57,49,2,3,0,2,3,230_-1_250,685_Slurpuff_TradeItem_196
685,685,Slurpuff,Fairy,,White,6,0.8,5,82,80,86,85,75,72,2,4,0,2,4,230_-1_250,
686,686,Inkay,Dark,Psychic,Blue,6,0.4,3.5,53,54,53,37,46,45,4,6,0,4,6,31_226_97,687_Malamar_Level_30
687,687,Malamar,Dark,Psychic,Blue,6,1.5,47,86,92,88,68,75,73,5,0,0,5,0,31_226_97,
688,688,Binacle,Rock,Water,Brown,6,0.5,31,42,52,67,39,56,50,4,6,0,5,3,242_203_148,689_Barbaracle_Level_39
689,689,Barbaracle,Rock,Water,Brown,6,1.3,96,72,105,115,54,86,68,4,7,0,5,4,242_203_148,
690,690,Skrelp,Poison,Water,Brown,6,0.5,7.3,50,60,60,60,60,30,6,0,0,4,2,153_154_1,691_Dragalge_Level_48
691,691,Dragalge,Poison,Dragon,Brown,6,1.8,81.5,65,75,90,97,123,44,6,1,0,4,3,153_154_1,
692,692,Clauncher,Water,,Blue,6,0.5,8.3,50,53,62,58,63,44,9,7,0,10,5,123_-1_-1,693_Clawitzer_Level_37
693,693,Clawitzer,Water,,Blue,6,1.3,35.3,71,73,88,120,89,59,9,8,0,10,6,123_-1_-1,
694,694,Helioptile,Electric,Normal,Yellow,6,0.5,6,44,38,33,61,43,70,5,2,0,6,5,51_186_206,695_Heliolisk_Item_190
695,695,Heliolisk,Electric,Normal,Yellow,6,1,21,62,55,52,109,94,109,5,3,0,6,6,51_186_206,
696,696,Tyrunt,Rock,Dragon,Brown,6,0.8,26,58,89,77,45,45,48,5,0,0,5,5,224_-1_225,697_Tyrantrum_LevelDay_39
697,697,Tyrantrum,Rock,Dragon,Red,6,2.5,270,82,121,119,69,59,71,5,1,0,5,6,224_-1_179,
698,698,Amaura,Rock,Ice,Blue,6,1.3,25.2,77,59,50,67,63,46,5,2,0,6,0,174_-1_205,699_Aurorus_LevelNight_39
699,699,Aurorus,Rock,Ice,Blue,6,2.7,225,123,77,72,99,92,58,5,3,0,6,1,174_-1_205,
700,700,Sylveon,Fairy,,Pink,6,1,23.5,95,65,65,110,130,60,3,0,0,3,0,36_-1_150,
701,701,Hawlucha,Fighting,Flying,Green,6,0.8,21.5,78,92,75,74,63,118,4,3,0,4,3,113_250_129,
702,702,Dedenne,Electric,Fairy,Yellow,6,0.2,2.2,67,58,57,81,67,101,5,4,0,7,0,22_149_151,
703,703,Carbink,Rock,Fairy,Grey,6,0.3,5.7,50,50,150,50,150,50,5,4,0,6,2,25_-1_225,
704,704,Goomy,Dragon,,Purple,6,0.3,2.8,45,50,35,55,75,40,4,4,0,4,4,187_88_73,705_Sliggoo_Level_40;705H_Sliggoo_LevelHisuian_40
705,705,Sliggoo,Dragon,,Purple,6,0.8,17.5,68,75,53,83,113,60,4,5,0,4,5,187_88_73,706_Goodra_LevelRain_50
706,706,Goodra,Dragon,,Purple,6,2,150.5,90,100,70,110,150,80,5,0,0,5,0,187_88_73,
707,707,Klefki,Steel,Fairy,Grey,6,0.2,3,57,80,91,80,87,75,5,2,0,4,3,158_-1_119,
708,708,Phantump,Ghost,Grass,Brown,6,0.4,7,43,70,48,50,60,38,3,5,0,4,3,136_67_80,709_Trevenant_Trade_0
709,709,Trevenant,Ghost,Grass,Brown,6,1.5,71,85,110,76,65,82,56,4,0,0,4,4,136_67_80,
710,710,Pumpkaboo,Ghost,Grass,Brown,6,0.3,3.5,49,66,70,44,55,51,4,1,0,5,0,149_67_100,711_Gourgeist_Trade_0
711,711,Gourgeist,Ghost,Grass,Brown,6,0.7,9.5,65,90,122,58,75,84,4,2,0,5,1,149_67_100,
712,712,Bergmite,Ice,,Blue,6,1,99.5,55,69,85,32,35,28,6,0,0,6,1,144_90_225,713_Avalugg_Level_37;713H_Avalugg_LevelHisuian_37
713,713,Avalugg,Ice,,Blue,6,2,505,95,117,184,44,46,28,6,1,0,6,2,144_90_225,
714,714,Noibat,Flying,Dragon,Purple,6,0.5,8,40,30,35,45,40,55,1,0,0,0,2,67_97_237,715_Noivern_Level_48
715,715,Noivern,Flying,Dragon,Purple,6,1.5,85,85,70,80,97,80,123,1,1,0,1,0,67_97_237,
716,716,Xerneas,Fairy,,Blue,6,3,215,126,131,95,131,98,99,1,2,1,3,1,56_-1_-1,
717,717,Yveltal,Dark,Flying,Red,6,5.8,203,126,131,95,131,98,99,2,4,1,5,1,39_-1_-1,
718,718,Zygarde,Dragon,Ground,Green,6,5,305,108,100,121,81,95,95,1,2,2,5,1,11_155_-1,
719,719,Diancie,Rock,Fairy,Pink,6,0.7,8.8,50,100,150,100,150,50,5,5,0,6,3,25_-1_-1,
720,720,Hoopa,Psychic,Ghost,Purple,6,0.5,9,80,110,60,150,130,70,7,8,0,9,4,119_-1_-1,
721,721,Volcanion,Fire,Water,Brown,6,1.7,195,80,110,120,130,90,70,5,8,0,6,5,257_-1_-1,
722,722,Rowlet,Grass,Flying,Brown,7,0.3,1.5,68,55,55,50,50,42,7,2,0,9,0,143_-1_116,723_Dartrix_Level_17
723,723,Dartrix,Grass,Flying,Brown,7,0.7,16,78,75,75,70,70,52,7,3,0,9,1,143_-1_116,724_Decidueye_Level_34;724H_Decidueye_LevelHisuian_34
724,724,Decidueye,Grass,Ghost,Brown,7,1.6,36.6,78,107,75,100,100,70,7,4,0,9,2,143_-1_116,
725,725,Litten,Fire,,Red,7,0.4,4.3,45,65,40,60,40,70,6,0,0,6,6,20_-1_101,726_Torracat_Level_17
726,726,Torracat,Fire,,Red,7,0.7,25,65,85,50,80,50,90,6,1,0,6,7,20_-1_101,727_Incineroar_Level_34
727,727,Incineroar,Fire,Dark,Red,7,1.8,83,95,115,90,80,90,60,6,2,0,7,0,20_-1_101,
728,728,Popplio,Water,,Blue,7,0.4,7.5,50,54,54,66,56,40,9,9,0,10,7,241_-1_115,729_Brionne_Level_17
729,729,Brionne,Water,,Blue,7,0.6,17.5,60,69,69,91,81,50,9,10,0,10,8,241_-1_115,730_Primarina_Level_34
730,730,Primarina,Water,Fairy,Blue,7,1.8,44,80,74,74,126,116,60,9,11,0,10,9,241_-1_115,
731,731,Pikipek,Normal,Flying,Black,7,0.3,1.2,35,75,30,30,30,65,9,5,0,10,4,106_200_149,732_Trumbeak_Level_14
732,732,Trumbeak,Normal,Flying,Black,7,0.6,14.8,55,85,50,40,50,75,9,6,0,10,5,106_200_149,733_Toucannon_Level_28
733,733,Toucannon,Normal,Flying,Black,7,1.1,26,80,120,75,75,75,60,9,7,0,10,6,106_200_195,
734,734,Yungoos,Normal,,Brown,7,0.4,6,48,70,30,30,30,45,9,8,0,10,7,211_224_1,735_Gumshoos_LevelDay_20
735,735,Gumshoos,Normal,,Brown,7,0.7,14.2,88,110,60,55,60,45,9,9,0,10,8,211_224_1,
736,736,Grubbin,Bug,,Grey,7,0.4,4.4,47,62,45,55,45,46,7,8,0,7,8,229_-1_-1,737_Charjabug_Level_20
737,737,Charjabug,Bug,Electric,Green,7,0.5,10.5,57,82,95,55,75,36,8,0,0,8,0,14_-1_-1,738_Vikavolt_Item_193
738,738,Vikavolt,Bug,Electric,Blue,7,1.5,45,77,70,90,145,75,43,8,1,0,8,1,109_-1_-1,
739,739,Crabrawler,Fighting,,Purple,7,0.6,7,47,82,57,42,47,63,4,4,0,4,4,89_104_6,740_Crabominable_Item_151
740,740,Crabominable,Fighting,Ice,White,7,1.7,180,97,132,77,62,67,43,4,5,0,4,5,89_104_6,
741,741,Oricorio,Fire,Flying,Red,7,0.6,3.4,75,70,70,98,70,93,6,3,0,7,1,38_-1_-1,
742,742,Cutiefly,Bug,Fairy,Yellow,7,0.1,0.2,40,45,40,55,40,84,8,2,0,8,2,84_197_230,743_Ribombee_Level_25
743,743,Ribombee,Bug,Fairy,Yellow,7,0.2,0.5,60,55,60,95,70,124,8,3,0,8,3,84_197_230,
744,744,Rockruff,Rock,,Brown,7,0.5,9.2,45,65,40,30,40,60,5,7,0,6,5,106_254_217,745_Lycanroc_LevelDay_25;745N_Lycanroc_LevelNight_25;745D_Lycanroc_LevelDusk_25
745,745,Lycanroc,Rock,,Brown,7,0.8,25,75,115,65,55,65,112,6,1,0,6,6,106_183_217,
746,746,Wishiwashi,Water,,Blue,7,0.2,0.3,45,20,20,25,25,40,10,0,0,10,10,188_-1_-1,
747,747,Mareanie,Poison,Water,Blue,7,0.4,8,50,53,62,43,52,45,6,2,0,4,4,-1_113_175,748_Toxapex_Level_38
748,748,Toxapex,Poison,Water,Blue,7,0.7,14.5,50,63,152,53,142,35,6,3,0,4,5,-1_113_175,
749,749,Mudbray,Ground,,Brown,7,1,110,70,100,70,45,55,45,6,4,0,6,0,144_214_99,750_Mudsdale_Level_30
750,750,Mudsdale,Ground,,Brown,7,2.5,920,100,125,100,55,85,35,7,0,0,6,1,144_214_99,
751,751,Dewpider,Water,Bug,Green,7,0.3,4,38,40,52,40,72,27,10,2,0,11,1,258_-1_257,752_Araquanid_Level_22
752,752,Araquanid,Water,Bug,Green,7,1.8,82,68,70,92,50,132,42,10,3,0,11,2,258_-1_257,
753,753,Fomantis,Grass,,Pink,7,0.3,1.5,40,55,35,50,35,35,7,5,0,9,3,108_-1_31,754_Lurantis_LevelDay_34
754,754,Lurantis,Grass,,Pink,7,0.9,18.5,70,105,90,80,90,45,7,6,0,9,4,108_-1_31,
755,755,Morelull,Grass,Fairy,Purple,7,0.2,1.5,40,35,55,65,75,15,7,7,0,9,5,93_53_170,756_Shiinotic_Level_24
756,756,Shiinotic,Grass,Fairy,Purple,7,1,11.5,60,45,80,90,100,30,7,8,0,9,6,93_53_170,
757,757,Salandit,Poison,Fire,Black,7,0.6,4.8,48,44,40,71,40,77,6,4,0,4,6,32_-1_141,758_Salazzle_LevelFemale_33
758,758,Salazzle,Poison,Fire,Black,7,1.2,22.2,68,64,60,111,60,117,7,0,0,5,0,32_-1_141,
759,759,Stufful,Normal,Fighting,Pink,7,0.5,6.8,70,75,50,45,50,50,9,10,0,10,9,63_107_36,760_Bewear_Level_27
760,760,Bewear,Normal,Fighting,Pink,7,2.1,135,120,125,80,55,60,60,10,0,0,11,0,63_107_251,
761,761,Bounsweet,Grass,,Purple,7,0.3,3.2,42,30,38,30,38,32,7,9,0,9,7,108_141_230,762_Steenee_Level_18
762,762,Steenee,Grass,,Purple,7,0.7,8.2,52,40,48,40,48,62,8,0,0,10,0,108_141_230,763_Tsareena_HasMove_Stomp
763,763,Tsareena,Grass,,Purple,7,1.2,21.4,72,120,98,50,98,72,8,1,0,10,1,108_167_230,
764,764,Comfey,Fairy,,Green,7,0.1,0.3,51,52,90,82,110,100,3,2,0,3,2,62_246_136,
765,765,Oranguru,Normal,Psychic,White,7,1.5,76,90,60,80,90,110,60,10,1,0,11,1,99_237_232,
766,766,Passimian,Fighting,,White,7,2,82.8,100,120,90,40,60,80,5,0,0,5,0,-1_-1_43,
767,767,Wimpod,Bug,Water,Grey,7,0.5,12,25,35,40,20,30,80,8,4,0,8,4,263_-1_-1,768_Golisopod_Level_30
768,768,Golisopod,Bug,Water,Grey,7,2,108,75,125,140,60,90,40,8,5,0,8,5,55_-1_-1,
769,769,Sandygast,Ghost,Ground,Brown,7,0.5,70,55,55,80,70,45,15,4,4,0,5,3,259_-1_186,770_Palossand_Level_42
770,770,Palossand,Ghost,Ground,Brown,7,1.3,250,85,75,110,100,75,35,4,5,0,5,4,259_-1_186,
771,771,Pyukumuku,Water,,Black,7,0.3,1.2,55,60,130,30,130,5,10,4,0,11,3,98_-1_249,
772,772,Type: Null,Normal,,Grey,7,1.9,120.5,95,95,95,95,95,59,10,2,0,11,2,15_-1_-1,772_Silvally_Happiness_220
773,773,Silvally,Normal,,Grey,7,2.3,100.5,95,95,95,95,95,95,10,3,0,11,3,178_-1_-1,
774,774,Minior,Rock,Flying,Brown,7,0.3,40,60,60,100,60,100,60,6,4,0,7,2,198_-1_-1,
775,775,Komala,Normal,,Blue,7,0.4,19.9,65,115,65,75,95,65,10,4,0,11,4,28_-1_-1,
776,776,Turtonator,Fire,Dragon,Red,7,2,212,60,78,135,91,85,36,6,4,0,7,2,196_-1_-1,
777,777,Togedemaru,Electric,Steel,Grey,7,0.3,3.3,65,98,63,40,73,96,5,6,0,7,2,103_112_225,
778,778,Mimikyu,Ghost,Fairy,Yellow,7,0.2,0.7,55,90,80,50,105,96,5,0,0,6,0,46_-1_-1,
779,779,Bruxish,Water,Psychic,Pink,7,0.9,19,68,105,70,70,70,92,10,5,0,11,4,41_224_265,
780,780,Drampa,Normal,Dragon,White,7,3,185,78,60,85,135,91,36,10,5,0,11,5,18_187_26,
781,781,Dhelmise,Ghost,Grass,Green,7,3.9,210,70,131,100,86,90,40,5,1,0,6,1,219_-1_-1,
782,782,Jangmo-o,Dragon,,Grey,7,0.6,29.7,45,55,65,45,45,45,5,4,0,5,4,21_209_142,783_Hakamo-o_Level_35
783,783,Hakamo-o,Dragon,Fighting,Grey,7,1.2,47,55,75,90,65,70,65,5,5,0,5,5,21_209_142,784_Kommo-o_Level_45
784,784,Kommo-o,Dragon,Fighting,Grey,7,1.6,78.2,75,110,125,100,105,85,6,0,0,6,0,21_209_142,
785,785,Tapu Koko,Electric,Fairy,Yellow,7,1.8,20.5,70,115,85,95,75,130,5,7,0,7,3,54_-1_237,
786,786,Tapu Lele,Psychic,Fairy,Pink,7,1.2,28.6,70,85,75,130,115,95,8,0,0,9,7,164_-1_237,
787,787,Tapu Bulu,Grass,Fairy,Red,7,1.9,45.5,70,130,115,85,95,75,8,2,0,10,2,76_-1_237,
788,788,Tapu Fini,Water,Fairy,Purple,7,1.3,21.2,70,75,115,95,130,85,10,6,0,11,5,128_-1_237,
789,789,Cosmog,Psychic,,Blue,7,0.2,0.1,43,29,31,29,31,37,8,1,0,9,8,249_-1_-1,790_Cosmoem_Level_43
790,790,Cosmoem,Psychic,,Blue,7,0.1,999.9,43,29,131,29,131,37,8,2,0,10,0,225_-1_-1,791_Solgaleo_LevelDay_53;792_Lunala_LevelNight_53
791,791,Solgaleo,Psychic,Steel,White,7,3.4,230,137,137,107,113,89,97,8,3,0,10,1,68_-1_-1,
792,792,Lunala,Psychic,Ghost,Purple,7,4,120,137,113,89,137,107,97,2,3,2,10,2,192_-1_-1,
793,793,Nihilego,Rock,Poison,White,7,1.2,55.5,109,53,47,127,131,103,6,6,0,7,4,17_-1_-1,
794,794,Buzzwole,Bug,Fighting,Red,7,2.4,333.6,107,139,139,53,53,79,8,6,0,8,6,17_-1_-1,
795,795,Pheromosa,Bug,Fighting,White,7,1.8,25,71,137,37,137,37,151,2,1,2,8,7,17_-1_-1,
796,796,Xurkitree,Electric,,Black,7,3.8,100,83,89,71,173,71,83,5,8,0,7,4,17_-1_-1,
797,797,Celesteela,Steel,Flying,Green,7,9.2,999.9,97,101,103,107,101,61,5,3,0,4,4,17_-1_-1,
798,798,Kartana,Grass,Steel,White,7,0.3,0.1,59,181,131,59,31,109,8,3,0,10,3,17_-1_-1,
799,799,Guzzlord,Dark,Dragon,Black,7,5.5,888,223,101,53,97,53,43,5,2,0,5,2,17_-1_-1,
800,800,Necrozma,Psychic,,Black,7,2.4,230,97,107,101,127,89,79,2,4,2,10,3,161_-1_-1,
801,801,Magearna,Steel,Fairy,Grey,7,1,80.5,80,95,115,130,115,65,5,4,0,4,5,208_-1_-1,
802,802,Marshadow,Fighting,Ghost,Grey,7,0.7,22.2,90,125,80,90,90,125,5,1,0,5,1,236_-1_-1,
803,803,Poipole,Poison,,Purple,7,0.6,1.8,67,73,67,73,67,73,7,1,0,5,1,17_-1_-1,804_Naganadel_HasMove_Dragon Pulse
804,804,Naganadel,Poison,Dragon,Purple,7,3.6,150,73,73,73,127,73,121,7,2,0,5,2,17_-1_-1,
805,805,Stakataka,Rock,Steel,Grey,7,5.5,820,61,131,211,53,101,13,1,4,2,7,5,17_-1_-1,
806,806,Blacephalon,Fire,Ghost,White,7,1.8,13,53,127,53,151,79,107,6,5,0,7,3,17_-1_-1,
807,807,Zeraora,Electric,,Yellow,7,1.5,44.5,88,112,75,102,80,143,6,0,0,7,5,255_-1_-1,
808,808,Meltan,Steel,,Grey,7,0.2,8,46,65,65,55,35,34,6,0,0,5,0,121_-1_-1,809_Melmetal_Item_608
809,809,Melmetal,Steel,,Grey,7,2.5,800,135,143,143,80,65,34,6,1,0,5,1,104_-1_-1,
810,810,Grookey,Grass,,Green,8,0.3,5,50,65,50,40,40,65,8,4,0,10,4,143_-1_76,811_Thwackey_Level_16
811,811,Thwackey,Grass,,Green,8,0.7,14,70,85,70,55,60,80,8,5,0,10,5,143_-1_76,812_Rillaboom_Level_35
812,812,Rillaboom,Grass,,Green,8,2.1,90,100,125,90,60,70,85,8,6,0,10,6,143_-1_76,
813,813,Scorbunny,Fire,,White,8,0.3,4.5,50,71,40,40,40,69,6,6,0,7,4,20_-1_110,814_Raboot_Level_16
814,814,Raboot,Fire,,Grey,8,0.6,9,65,86,60,55,60,94,6,7,0,7,5,20_-1_110,815_Cinderace_Level_35
815,815,Cinderace,Fire,,White,8,1.4,33,80,116,75,65,75,119,6,8,0,7,6,20_-1_110,
816,816,Sobble,Water,,Blue,8,0.3,4,50,40,40,70,40,70,10,7,0,11,6,241_-1_203,817_Drizzile_Level_16
817,817,Drizzile,Water,,Blue,8,0.7,11.5,65,60,60,95,55,90,10,8,0,11,7,241_-1_203,818_Inteleon_Level_35
818,818,Inteleon,Water,,Blue,8,1.9,45.2,70,85,75,125,65,120,10,9,0,11,8,241_-1_203,
819,819,Skwovet,Normal,,Brown,8,0.3,2.5,70,55,40,35,35,25,10,6,0,11,6,22_-1_72,820_Greedent_Level_24
820,820,Greedent,Normal,,Brown,8,0.6,6,120,95,55,55,75,20,10,7,0,11,7,22_-1_72,
821,821,Rookidee,Flying,,Blue,8,0.2,1.8,38,47,65,33,35,57,2,0,0,1,1,106_251_19,822_Corvisquire_Level_18
822,822,Corvisquire,Flying,,Blue,8,0.8,16,68,67,55,43,55,77,2,1,0,1,2,106_251_19,823_Corviknight_Level_38
823,823,Corviknight,Flying,Steel,Purple,8,2.2,75,98,87,105,53,85,67,0,2,0,2,0,159_251_127,
824,824,Blipbug,Bug,,Blue,8,0.4,8,25,20,20,25,45,45,8,8,0,8,8,229_30_237,825_Dottler_Level_10
825,825,Dottler,Bug,Psychic,Yellow,8,0.4,19.5,50,35,80,50,90,30,9,0,0,9,0,229_30_237,826_Orbeetle_Level_30
826,826,Orbeetle,Bug,Psychic,Red,8,0.4,40.8,60,45,110,80,120,90,9,1,0,9,1,229_67_237,
827,827,Nickit,Dark,,Brown,8,0.6,8.9,40,28,28,47,52,50,5,3,0,5,3,181_250_-1,828_Thievul_Level_18
828,828,Thievul,Dark,,Brown,8,1.2,19.9,70,58,58,87,92,90,5,4,0,5,4,181_250_-1,
829,829,Gossifleur,Grass,,Green,8,0.4,2.2,40,40,60,40,60,10,8,7,0,10,7,33_175_53,830_Eldegoss_Level_20
830,830,Eldegoss,Grass,,Green,8,0.5,2.5,60,50,90,80,120,60,8,8,0,11,0,33_175_53,
831,831,Wooloo,Normal,,White,8,0.6,6,42,40,55,40,45,48,10,8,0,11,8,63_181_21,832_Dubwool_Level_24
832,832,Dubwool,Normal,,White,8,1.3,43,72,80,100,60,90,88,10,9,0,11,9,63_217_21,
833,833,Chewtle,Water,,Green,8,0.3,8.5,50,64,50,38,38,44,10,10,0,11,9,224_196_231,834_Drednaw_Level_22
834,834,Drednaw,Water,Rock,Green,8,1,115.5,90,115,90,48,68,74,10,11,0,11,10,224_196_231,
835,835,Yamper,Electric,,Yellow,8,0.3,13.5,59,45,50,40,50,26,6,1,0,7,6,-1_-1_171,836_Boltund_Level_25
836,836,Boltund,Electric,,Yellow,8,1,34,69,90,60,90,60,121,6,2,0,8,0,224_-1_29,
837,837,Rolycoly,Rock,,Black,8,0.3,12,30,40,50,40,50,30,7,0,0,7,6,218_82_60,838_Carkol_Level_18
838,838,Carkol,Rock,Fire,Black,8,1.1,78,80,60,90,60,70,50,7,1,0,8,0,218_58_60,839_Coalossal_Level_34
839,839,Coalossal,Rock,Fire,Black,8,2.8,310.5,110,80,120,80,90,30,7,2,0,8,1,218_58_60,
840,840,Applin,Grass,Dragon,Green,8,0.2,0.5,40,40,80,40,40,20,8,9,0,11,1,176_72_21,841_Flapple_Item_192;842_Appletun_Item_191
841,841,Flapple,Grass,Dragon,Green,8,0.3,1,70,110,80,95,60,70,9,0,0,11,2,176_72_87,
842,842,Appletun,Grass,Dragon,Green,8,0.4,13,110,85,80,100,80,30,9,1,0,11,3,176_72_239,
843,843,Silicobra,Ground,,Green,8,2.2,7.6,52,57,75,35,50,46,7,1,0,6,2,184_194_186,844_Sandaconda_Level_36
844,844,Sandaconda,Ground,,Green,8,3.8,65.5,72,107,125,65,70,71,7,2,0,6,3,184_194_186,
845,845,Cramorant,Flying,Water,Blue,8,0.8,18,70,85,55,85,95,85,1,2,0,2,1,78_-1_-1,
846,846,Arrokuda,Water,,Brown,8,0.5,1,41,63,40,40,30,66,11,0,0,12,0,231_-1_162,847_Barraskewda_Level_26
847,847,Barraskewda,Water,,Brown,8,1.3,30,61,123,60,60,50,136,11,1,0,12,1,231_-1_162,
848,848,Toxel,Electric,Poison,Purple,8,0.4,11,40,38,35,54,35,40,6,3,0,8,1,171_216_107,849_Toxtricity_LevelNature_30;849L_Toxtricity_LevelNature_30
849,849,Toxtricity,Electric,Poison,Purple,8,1.6,40,75,98,70,114,70,75,6,4,0,8,2,165_151_236,
850,850,Sizzlipede,Fire,Bug,Red,8,0.7,1,50,65,45,50,50,45,7,0,0,7,7,60_262_58,851_Centiskorch_Level_28
851,851,Centiskorch,Fire,Bug,Red,8,3,120,100,115,65,90,90,65,7,1,0,8,0,60_262_58,
852,852,Clobbopus,Fighting,,Brown,8,0.6,4,50,68,60,50,50,32,5,2,0,5,2,113_-1_236,853_Grapploct_HasMove_Taunt
853,853,Grapploct,Fighting,,Blue,8,1.6,39,80,118,90,70,80,42,5,3,0,5,3,113_-1_236,
854,854,Sinistea,Ghost,,Purple,8,0.1,0.2,40,45,45,74,54,50,5,2,0,6,2,261_-1_35,855_Polteageist_Item_158;855_Polteageist_Item_160
855,855,Polteageist,Ghost,,Purple,8,0.2,0.4,60,65,65,134,114,70,5,3,0,6,3,261_-1_35,
856,856,Hatenna,Psychic,,Pink,8,0.4,3.4,42,30,60,56,53,39,8,9,0,10,7,81_7_117,857_Hattrem_Level_32
857,857,Hattrem,Psychic,,Pink,8,0.6,4.8,57,40,90,86,73,49,8,10,0,10,8,81_7_117,858_Hatterene_Level_42
858,858,Hatterene,Psychic,Fairy,Pink,8,2.1,5.1,57,90,45,136,103,29,3,1,2,11,0,81_7_117,
859,859,Impidimp,Dark,Fairy,Pink,8,0.4,5.5,45,45,65,55,40,50,5,5,0,5,5,158_67_148,860_Morgrem_Level_32
860,860,Morgrem,Dark,Fairy,Pink,8,0.8,12.5,65,60,45,75,55,70,5,6,0,5,6,158_67_148,861_Grimmsnarl_Level_42
861,861,Grimmsnarl,Dark,Fairy,Purple,8,1.5,61,95,120,65,95,75,60,6,0,0,6,0,158_67_148,
862,862,Obstagoon,Dark,Normal,Grey,8,1.6,46,93,90,101,60,81,95,6,1,0,6,1,173_79_43,
863,863,Perrserker,Steel,,Brown,8,0.8,28,70,110,100,50,60,50,6,2,0,5,2,15_242_-1,
864,864,Cursola,Ghost,,White,8,1,0.4,60,95,50,145,130,30,5,4,0,6,4,261_-1_147,
865,865,Sirfetch'd,Fighting,,White,8,0.8,117,62,135,95,68,82,65,5,4,0,5,4,217_-1_189,
866,866,Mr. Rime,Ice,Psychic,Purple,8,1.5,58.2,80,85,75,110,100,70,6,2,0,6,3,234_190_90,
867,867,Runerigus,Ground,Ghost,Grey,8,1.6,66.6,58,95,145,50,105,30,7,3,0,6,4,256_-1_-1,
868,868,Milcery,Fairy,,White,8,0.2,0.3,45,40,40,50,61,34,3,3,0,3,3,230_-1_9,869_Alcremie_SpinItem_189
869,869,Alcremie,Fairy,,Pink,8,0.3,0.5,65,60,75,110,121,64,3,4,0,3,4,230_-1_9,
870,870,Falinks,Fighting,,Yellow,8,3,62,65,100,100,70,60,75,1,3,2,5,5,15_-1_43,
871,871,Pincurchin,Electric,,Purple,8,0.3,1,48,101,95,91,85,15,6,6,0,8,4,112_-1_54,
872,872,Snom,Ice,Bug,White,8,0.3,3.8,30,25,35,45,30,20,6,3,0,6,4,197_-1_92,873_Frosmoth_HappinessNight_220
873,873,Frosmoth,Ice,Bug,White,8,1.3,42,70,65,60,125,90,65,6,4,0,7,0,197_-1_92,
874,874,Stonjourner,Rock,,Grey,8,2.5,520,100,125,135,20,20,70,7,3,0,8,2,157_-1_-1,
875,875,Eiscue,Ice,,Blue,8,1.4,89,75,80,110,65,90,50,7,0,0,7,1,91_-1_-1,
876,876,Indeedee,Psychic,Normal,Purple,8,0.9,28,60,65,55,105,95,95,9,1,0,11,1,99_233_164,
877,877,Morpeko,Electric,Dark,Yellow,8,0.3,3,58,95,58,70,58,97,6,7,0,8,5,86_-1_-1,
878,878,Cufant,Steel,,Yellow,8,1.2,100,72,80,49,40,49,40,6,3,0,5,3,195_-1_83,879_Copperajah_Level_34
879,879,Copperajah,Steel,,Green,8,3,650,122,130,69,80,69,30,6,4,0,5,4,195_-1_83,
880,880,Dracozolt,Electric,Dragon,Green,8,1.8,190,90,100,90,80,70,75,6,8,0,8,6,255_87_183,
881,881,Arctozolt,Electric,Ice,Blue,8,2.3,150,90,100,90,90,80,55,7,0,0,9,0,255_216_202,
882,882,Dracovish,Water,Dragon,Green,8,2.3,215,90,90,100,70,80,75,11,2,0,12,2,257_224_183,
883,883,Arctovish,Water,Ice,Blue,8,2,175,90,90,100,80,90,55,11,3,0,12,3,257_90_202,
884,884,Duraludon,Steel,Dragon,White,8,1.8,40,70,95,115,120,50,85,7,0,0,5,5,111_83_213,
885,885,Dreepy,Dragon,Ghost,Green,8,0.5,2,28,60,30,40,30,82,6,1,0,6,1,25_97_35,886_Drakloak_Level_50
886,886,Drakloak,Dragon,Ghost,Green,8,1.4,11,68,80,50,60,50,102,6,2,0,6,2,25_97_35,887_Dragapult_Level_60
887,887,Dragapult,Dragon,Ghost,Green,8,3,50,88,120,75,100,75,142,6,3,0,6,3,25_97_35,
888,888,Zacian,Fairy,,Blue,8,2.8,110,92,130,115,80,115,138,4,0,0,4,0,102_-1_-1,
889,889,Zamazenta,Fighting,,Red,8,2.9,210,92,130,115,80,115,138,6,0,0,6,0,40_-1_-1,
890,890,Eternatus,Poison,Dragon,Purple,8,2,950,140,85,95,145,95,130,0,2,1,5,3,159_-1_-1,
891,891,Kubfu,Fighting,,Grey,8,0.6,12,60,90,60,53,50,72,6,2,0,6,2,99_-1_-1,892_Urshifu_Level_30;892R_Urshifu_Level_30
892,892,Urshifu,Fighting,Dark,Grey,8,1.9,105,100,130,100,63,60,97,6,3,0,6,3,252_-1_-1,
893,893,Zarude,Dark,Grass,Green,8,1.8,70,105,120,105,70,95,105,6,2,0,6,2,108_-1_-1,
894,894,Regieleki,Electric,,Yellow,8,1.2,145,80,100,50,100,50,200,7,1,0,9,1,245_-1_-1,
895,895,Regidrago,Dragon,,Green,8,2.1,200,200,100,50,100,50,80,6,4,0,6,4,48_-1_-1,
896,896,Glastrier,Ice,,White,8,2.2,800,100,145,130,65,110,30,7,2,0,7,3,23_-1_-1,
897,897,Spectrier,Ghost,,Black,8,2,45.5,100,65,60,145,80,130,5,5,0,7,0,77_-1_-1,
898,898,Calyrex,Psychic,Grass,Green,8,1.1,7.7,100,80,80,80,80,80,9,3,0,11,3,251_-1_-1,
899,899,Wyrdeer,Normal,Psychic,Grey,8,1.8,95.1,103,105,72,105,75,65,10,10,0,12,0,101_67_187,
900,900,Kleavor,Bug,Rock,Brown,8,1.8,89,70,135,95,45,70,85,9,2,0,9,2,229_195_217,
904,904,Overqwil,Dark,Poison,Black,8,2.5,60.5,85,115,95,65,65,85,6,5,0,6,5,153_231_101,
901,901,Ursaluna,Ground,Normal,Brown,8,2.4,290,130,140,105,45,80,50,0,5,0,6,5,79_21_251,
902,902,Basculegion,Water,Ghost,Green,8,3,110,120,112,65,80,75,78,11,7,0,12,7,171_1_129,
903,903,Sneasler,Fighting,Poison,Grey,8,1.3,43,80,130,60,40,80,120,7,1,0,7,1,159_-1_154,
905,905,Enamorus,Fairy,Flying,Pink,8,1.6,48,74,115,70,135,80,106,0,0,1,7,0,81_-1_142,
